customer_id,age,monthly_income,tenure_months,monthly_spend,transactions_per_month,support_tickets,satisfaction_score,city,segment,channel,premium_member,annual_spend,churn_next_month_confirmed,churn
C000001,42,,30.7,1783229.0,4,2,4.0,Surabaya,Gold,Branch,1,21398745.0,0,0
C000002,26,11677597.0,46.4,945542.0,3,1,3.0,Jakarta,Basic,App,0,11346502.0,0,0
C000003,47,23589735.0,11.3,3510855.0,2,0,4.0,Surabaya,Gold,App,1,42130261.0,0,0
C000004,49,3414850.0,22.7,317268.0,6,3,4.0,Makassar,Basic,App,0,3807220.0,0,0
C000005,18,6913621.0,5.6,628647.0,7,1,4.0,Surabaya,Silver,App,0,7543770.0,0,0
C000006,22,6203135.0,43.6,691548.0,2,1,4.0,Makassar,Basic,Web,0,8298575.0,0,0
C000007,40,2701794.0,12.8,1563775.0,3,2,1.0,Bandung,Basic,App,1,18765302.0,0,0
C000008,34,14333816.0,51.1,1563184.0,1,0,3.0,Surabaya,Basic,App,0,18758214.0,0,0
C000009,38,6894496.0,52.2,712185.0,4,0,4.0,Bandung,Basic,Web,0,8546223.0,0,0
C000010,28,12015995.0,24.3,716158.0,6,1,2.0,Surabaya,Silver,Web,0,8593896.0,1,1
C000011,49,29292049.0,23.4,3801897.0,3,2,4.0,Surabaya,Silver,App,0,45622769.0,0,0
C000012,47,6587392.0,8.0,789481.0,2,0,4.0,Surabaya,Basic,App,0,9473775.0,0,0
C000013,39,6345890.0,27.9,891206.0,7,0,3.0,Makassar,Silver,Web,0,10694478.0,0,0
C000014,52,8539537.0,46.1,454182.0,3,6,1.0,Surabaya,Basic,Web,0,5450181.0,0,0
C000015,44,13769109.0,33.3,1461889.0,5,5,2.0,Surabaya,Basic,App,0,17542662.0,1,1
C000016,28,5857655.0,64.5,804956.0,2,2,4.0,Jakarta,Basic,App,1,9659469.0,0,0
C000017,42,5654279.0,20.8,922494.0,6,1,4.0,Surabaya,Basic,App,0,11069924.0,0,0
C000018,26,14309099.0,20.8,1505265.0,4,2,1.0,Surabaya,Basic,App,0,18063178.0,1,1
C000019,49,9852184.0,13.5,1129470.0,3,1,3.0,Surabaya,Gold,Web,0,13553639.0,0,0
C000020,37,2598257.0,91.9,740676.0,4,4,1.0,Surabaya,Gold,Branch,0,8888116.0,1,1
C000021,36,4077467.0,7.9,867892.0,5,2,3.0,Jakarta,Basic,Web,0,10414706.0,0,0
C000022,30,18267459.0,44.0,1596747.0,8,0,3.0,Jakarta,Basic,App,0,19160968.0,0,0
C000023,53,9979192.0,46.7,1658892.0,4,1,5.0,Jakarta,Silver,Branch,0,19906705.0,0,0
C000024,36,5260541.0,45.5,593663.0,4,2,3.0,Surabaya,Basic,App,0,7123957.0,0,0
C000025,33,7284263.0,14.5,883552.0,4,0,5.0,Bandung,Basic,Branch,1,10602618.0,0,0
C000026,34,8058454.0,24.3,739061.0,7,0,5.0,Surabaya,Gold,Web,0,8868733.0,0,0
C000027,44,11990263.0,39.9,1097288.0,5,0,3.0,Surabaya,Gold,Web,0,13167451.0,1,1
C000028,42,3790116.0,17.2,555886.0,2,2,3.0,Makassar,Gold,App,1,6670635.0,0,0
C000029,43,5037548.0,21.9,683367.0,7,4,3.0,Jakarta,Basic,App,0,8200407.0,0,0
C000030,43,9295842.0,17.4,650753.0,3,1,3.0,Jakarta,Basic,App,1,7809036.0,0,0
C000031,64,7572570.0,29.2,1084901.0,3,1,3.0,Surabaya,Silver,App,0,13018811.0,0,0
C000032,33,10956842.0,27.9,1467776.0,0,2,3.0,Surabaya,Basic,App,0,17613311.0,0,0
C000033,32,4068248.0,71.8,439912.0,10,1,2.0,Jakarta,Silver,App,1,5278940.0,0,0
C000034,28,9736311.0,40.5,1162895.0,8,3,2.0,Bandung,Basic,App,0,13954736.0,0,0
C000035,45,14582359.0,9.7,1225947.0,3,0,3.0,Jakarta,Gold,Branch,1,14711369.0,0,0
C000036,52,10456165.0,10.4,1243626.0,6,3,3.0,Surabaya,Basic,App,0,14923507.0,1,1
C000037,37,8636116.0,44.5,728886.0,2,3,3.0,Jakarta,Basic,Web,0,8746634.0,0,0
C000038,28,7589043.0,27.7,960978.0,6,3,3.0,Surabaya,Gold,App,0,11531738.0,0,0
C000039,28,5054472.0,88.5,772184.0,7,1,3.0,Surabaya,Silver,Web,0,9266210.0,0,0
C000040,46,7689397.0,88.3,898736.0,6,1,4.0,Bandung,Basic,Web,0,10784829.0,0,0
C000041,47,15995057.0,13.5,1761909.0,5,0,4.0,Jakarta,Gold,Web,0,21142908.0,0,0
C000042,45,7493050.0,33.7,615105.0,4,2,3.0,Jakarta,Silver,App,0,7381261.0,0,0
C000043,30,4903991.0,10.5,749709.0,4,0,3.0,Surabaya,Silver,App,0,8996502.0,0,0
C000044,41,6102543.0,44.0,428702.0,5,0,3.0,Surabaya,Basic,App,0,5144423.0,1,1
C000045,39,8934402.0,78.4,1418600.0,3,0,3.0,Jakarta,Silver,Branch,0,17023202.0,0,0
C000046,41,6514359.0,30.5,849815.0,1,3,4.0,Jakarta,Silver,App,0,10197776.0,0,0
C000047,48,62684724.0,20.2,716848.0,0,5,3.0,Jakarta,Silver,Web,0,8602179.0,1,1
C000048,41,10665408.0,36.1,1072049.0,2,2,3.0,Jakarta,Gold,App,0,12864586.0,0,0
C000049,46,13044705.0,50.0,1385740.0,7,2,5.0,Jakarta,Basic,App,0,16628881.0,0,0
C000050,39,17503472.0,50.3,2072693.0,7,0,4.0,Jakarta,Silver,App,0,24872314.0,0,0
C000051,41,13834477.0,20.4,1815073.0,2,2,4.0,Surabaya,Silver,App,0,21780879.0,0,0
C000052,46,4785594.0,16.8,632607.0,4,2,4.0,Surabaya,Basic,App,1,7591280.0,0,0
C000053,21,4867097.0,32.5,746332.0,7,1,4.0,Jakarta,Silver,App,0,8955989.0,0,0
C000054,34,7673457.0,21.4,875919.0,4,2,3.0,Jakarta,Silver,App,0,10511030.0,0,0
C000055,32,6241965.0,59.9,1231903.0,6,1,3.0,Surabaya,Basic,App,0,14782840.0,1,1
C000056,30,4277471.0,21.2,997991.0,6,4,3.0,Makassar,Basic,Web,0,11975897.0,0,0
C000057,35,6274608.0,29.0,550216.0,6,1,4.0,Surabaya,Basic,App,0,6602591.0,1,1
C000058,56,6162358.0,35.5,533167.0,4,1,3.0,,Basic,App,0,6398005.0,0,0
C000059,28,,8.2,756568.0,6,1,3.0,Bandung,Basic,App,0,9078821.0,0,0
C000060,50,6724498.0,17.9,642687.0,4,1,5.0,Jakarta,Silver,Web,0,7712247.0,0,0
C000061,18,15295972.0,86.0,1382727.0,3,1,4.0,Surabaya,Silver,App,0,16592729.0,0,0
C000062,34,8926483.0,48.7,1265820.0,5,5,3.0,Jakarta,Basic,Web,0,15189841.0,0,0
C000063,40,31153810.0,21.0,2528978.0,5,2,2.0,Surabaya,Basic,App,1,30347737.0,0,0
C000064,45,8786540.0,44.1,869315.0,3,0,3.0,Makassar,Silver,App,0,10431785.0,0,0
C000065,47,6820313.0,59.3,447104.0,4,3,3.0,Surabaya,Gold,App,0,5365248.0,1,1
C000066,48,8018205.0,23.5,977848.0,5,1,3.0,Surabaya,Silver,App,1,11734171.0,0,0
C000067,34,9212047.0,47.2,1048501.0,1,1,2.0,Jakarta,Silver,App,0,12582016.0,0,0
C000068,32,10163788.0,42.9,1223872.0,5,0,4.0,Surabaya,Basic,App,0,14686462.0,0,0
C000069,48,25069019.0,10.7,2375519.0,6,3,4.0,Jakarta,Gold,Branch,1,28506232.0,0,0
C000070,36,5025451.0,23.6,605318.0,3,3,3.0,Jakarta,Gold,Web,0,7263815.0,0,0
C000071,23,12831677.0,73.0,1485297.0,4,1,4.0,Surabaya,Gold,Branch,0,17823562.0,0,0
C000072,24,8968374.0,84.5,982996.0,2,2,5.0,Surabaya,Silver,Branch,0,11795957.0,0,0
C000073,27,3371433.0,48.9,325078.0,3,1,5.0,Surabaya,Basic,App,0,3900940.0,0,0
C000074,44,12223079.0,17.5,1637721.0,3,2,3.0,Jakarta,Basic,Web,0,19652651.0,0,0
C000075,40,16064864.0,3.2,1484723.0,4,1,2.0,Surabaya,Basic,App,0,17816678.0,0,0
C000076,46,4992788.0,15.7,551438.0,1,1,4.0,Surabaya,Basic,Web,0,6617258.0,0,0
C000077,33,7960787.0,9.4,645074.0,5,4,5.0,Surabaya,Basic,Web,0,7740891.0,1,1
C000078,40,3097194.0,76.5,648814.0,1,2,4.0,Surabaya,Gold,Web,1,7785763.0,0,0
C000079,46,4003216.0,5.5,966881.0,2,0,4.0,Surabaya,Basic,App,0,11602573.0,0,0
C000080,34,14237194.0,10.9,1752214.0,1,0,5.0,Surabaya,Basic,App,0,21026572.0,1,1
C000081,43,6189860.0,32.0,1181511.0,1,2,4.0,Surabaya,Silver,Branch,0,14178130.0,0,0
C000082,30,4347495.0,27.5,317341.0,5,0,2.0,,Basic,App,1,3808093.0,0,0
C000083,34,9076101.0,70.8,980776.0,3,2,4.0,Surabaya,Basic,App,0,11769316.0,0,0
C000084,33,6002132.0,41.2,942794.0,8,1,3.0,Jakarta,Silver,App,1,11313533.0,0,0
C000085,24,6174881.0,24.9,1015061.0,3,0,3.0,Surabaya,Basic,Web,0,12180730.0,0,0
C000086,44,12013979.0,60.6,1660696.0,3,1,3.0,Surabaya,Basic,App,0,19928353.0,0,0
C000087,32,4222757.0,20.6,334441.0,4,0,4.0,Bandung,Basic,Branch,0,4013288.0,0,0
C000088,38,4862198.0,74.4,480685.0,5,0,3.0,,Basic,Web,0,5768216.0,1,1
C000089,44,,14.0,644977.0,8,0,3.0,Makassar,Basic,Web,0,7739723.0,0,0
C000090,43,13634685.0,26.8,1657567.0,2,2,3.0,,Basic,App,0,19890798.0,0,0
C000091,46,,3.8,1092310.0,3,1,4.0,Surabaya,Gold,App,0,13107723.0,0,0
C000092,37,5549221.0,50.6,516970.0,7,2,3.0,Bandung,Basic,Web,0,6203639.0,0,0
C000093,33,13396572.0,30.8,1127016.0,7,1,2.0,Jakarta,Basic,App,0,13524186.0,0,0
C000094,37,5197425.0,74.6,644302.0,5,0,3.0,Makassar,Basic,App,0,7731629.0,0,0
C000095,18,21842480.0,23.0,2079553.0,5,2,2.0,Jakarta,Silver,Web,1,24954633.0,0,0
C000096,21,4288202.0,8.1,536712.0,7,2,2.0,Jakarta,Basic,Web,0,6440543.0,1,1
C000097,22,16611660.0,37.7,1448785.0,3,0,5.0,Surabaya,Silver,Branch,0,17385425.0,0,0
C000098,26,5575456.0,18.3,697611.0,7,1,4.0,Surabaya,Gold,Web,0,8371329.0,0,0
C000099,43,24209064.0,46.0,2315671.0,5,1,2.0,Jakarta,Basic,App,0,27788051.0,0,0
C000100,27,,14.3,942330.0,5,0,2.0,Makassar,Silver,Branch,0,11307961.0,0,0
C000101,33,4575118.0,66.3,1130190.0,4,3,3.0,Surabaya,Basic,Branch,0,13562285.0,1,1
C000102,54,6002706.0,29.0,750451.0,6,4,1.0,Surabaya,Silver,App,0,9005406.0,1,1
C000103,34,12293752.0,24.9,1217126.0,5,1,3.0,Surabaya,Silver,App,0,14605515.0,0,0
C000104,47,14273376.0,63.5,1434628.0,3,6,2.0,Surabaya,Silver,App,0,17215541.0,1,1
C000105,27,,51.1,1388573.0,4,3,3.0,Makassar,Basic,Web,0,16662875.0,0,0
C000106,36,8198929.0,15.9,706856.0,2,1,4.0,Surabaya,Basic,App,0,8482270.0,0,0
C000107,27,12140363.0,50.1,1448537.0,7,3,2.0,,Basic,App,0,17382445.0,0,0
C000108,34,8601449.0,43.6,929272.0,1,1,3.0,Surabaya,Basic,App,0,11151261.0,0,0
C000109,48,3927542.0,26.0,485791.0,7,3,,Jakarta,Silver,Web,0,5829490.0,0,0
C000110,18,5115657.0,47.5,770126.0,0,1,1.0,Jakarta,Basic,App,0,9241510.0,1,1
C000111,43,9104397.0,66.1,1230189.0,3,2,3.0,Surabaya,Basic,App,0,14762272.0,0,0
C000112,41,15610705.0,26.5,1440636.0,4,2,2.0,Bandung,Basic,Web,0,17287633.0,1,1
C000113,31,19457486.0,26.6,2080342.0,7,3,4.0,Jakarta,Silver,Web,0,24964107.0,0,0
C000114,21,12282589.0,25.6,1197451.0,1,3,4.0,Surabaya,Basic,App,0,14369416.0,1,1
C000115,39,9369422.0,15.4,5043736.0,3,0,4.0,Surabaya,Silver,App,0,60524832.0,0,0
C000116,32,12076835.0,26.3,1531355.0,5,2,2.0,Surabaya,Gold,App,0,18376254.0,0,0
C000117,41,5544068.0,24.3,587129.0,4,2,3.0,Surabaya,Basic,App,0,7045543.0,1,1
C000118,38,7353413.0,23.3,618968.0,1,0,4.0,Surabaya,Basic,App,0,7427611.0,0,0
C000119,57,5084362.0,23.0,534854.0,1,0,1.0,Surabaya,Gold,App,1,6418247.0,0,0
C000120,35,24152616.0,10.9,564231.0,3,0,4.0,Surabaya,Silver,App,1,6770769.0,0,0
C000121,26,9610858.0,54.4,1218083.0,5,1,4.0,Surabaya,Basic,Web,0,14616999.0,0,0
C000122,40,8859354.0,17.9,1333501.0,3,2,2.0,Jakarta,Basic,App,1,16002008.0,0,0
C000123,41,,68.4,489132.0,5,3,3.0,Jakarta,Basic,Branch,0,5869588.0,0,0
C000124,54,10802775.0,13.0,1723648.0,5,2,3.0,Surabaya,Silver,App,1,20683779.0,0,0
C000125,48,9142153.0,78.4,1055317.0,2,1,5.0,Surabaya,Basic,App,1,12663808.0,0,0
C000126,42,10865370.0,21.3,1134223.0,2,2,3.0,Makassar,Silver,Web,0,13610674.0,0,0
C000127,56,7814382.0,50.5,654402.0,2,3,3.0,Surabaya,Basic,Branch,0,7852830.0,1,1
C000128,24,10039545.0,30.6,969238.0,7,1,4.0,Surabaya,Basic,App,0,11630856.0,0,0
C000129,30,5365889.0,9.6,543698.0,3,1,1.0,Surabaya,Basic,Web,0,6524371.0,1,1
C000130,27,9803895.0,10.1,979017.0,3,2,3.0,Surabaya,Basic,Web,0,11748205.0,0,0
C000131,33,11554457.0,16.8,1259548.0,4,3,3.0,Surabaya,Gold,App,0,15114580.0,0,0
C000132,21,5535139.0,20.4,630389.0,7,2,1.0,Makassar,Basic,Web,0,7564669.0,0,0
C000133,46,8231343.0,27.1,767087.0,7,1,4.0,Bandung,Silver,App,0,9205041.0,0,0
C000134,35,5677211.0,35.2,487681.0,3,3,3.0,Jakarta,Basic,App,0,5852172.0,1,1
C000135,20,5988631.0,24.6,677525.0,2,0,4.0,Makassar,Basic,App,0,8130299.0,0,0
C000136,26,4309106.0,33.9,252451.0,4,1,4.0,Surabaya,Basic,App,0,3029407.0,0,0
C000137,42,16048538.0,37.8,1544317.0,8,2,3.0,Bandung,Basic,App,1,18531800.0,1,1
C000138,48,14376118.0,23.9,1336388.0,2,2,3.0,Makassar,Gold,App,0,16036651.0,0,0
C000139,62,10751337.0,43.1,995625.0,3,2,4.0,,Basic,App,0,11947500.0,0,0
C000140,73,23668601.0,49.6,1477323.0,6,3,3.0,Makassar,Basic,App,0,17727873.0,0,0
C000141,43,7209189.0,38.5,718223.0,3,1,2.0,Bandung,Basic,Web,0,8618672.0,1,1
C000142,26,42389932.0,39.9,4038767.0,8,1,3.0,Surabaya,Silver,Web,0,48465209.0,0,0
C000143,18,7058979.0,31.9,733278.0,6,2,3.0,Surabaya,Basic,Web,0,8799337.0,0,0
C000144,41,9205470.0,57.5,868454.0,7,0,4.0,Jakarta,Gold,Branch,0,10421447.0,0,0
C000145,28,,27.6,808952.0,5,2,3.0,Jakarta,Silver,Branch,0,9707420.0,0,0
C000146,33,9818031.0,17.0,1025723.0,3,2,2.0,Surabaya,Silver,App,0,12308679.0,0,0
C000147,31,12667375.0,28.2,776573.0,2,1,2.0,Surabaya,Basic,App,0,9318875.0,0,0
C000148,36,7514147.0,9.8,786378.0,7,2,4.0,Surabaya,Basic,Web,1,9436536.0,0,0
C000149,51,21255963.0,8.8,1537310.0,6,4,3.0,Surabaya,Silver,App,1,18447724.0,0,0
C000150,40,,49.7,1083848.0,7,3,4.0,Surabaya,Basic,App,0,13006175.0,0,0
C000151,36,9283220.0,69.2,872980.0,3,3,4.0,Surabaya,Silver,Branch,0,10475755.0,0,0
C000152,26,4852494.0,21.8,904698.0,1,0,3.0,Surabaya,Silver,App,0,10856380.0,0,0
C000153,18,10070557.0,50.0,934017.0,4,0,3.0,Makassar,Gold,App,0,11208205.0,0,0
C000154,32,7431491.0,4.8,1627408.0,5,4,2.0,surabaya,Basic,Web,0,19528895.0,0,0
C000155,37,5725384.0,38.5,591916.0,3,1,4.0,Makassar,Silver,Web,0,7102997.0,0,0
C000156,59,,27.7,1360667.0,3,2,2.0,,Basic,Branch,0,16328000.0,0,0
C000157,40,34775440.0,76.4,1819471.0,4,0,,Surabaya,Silver,Branch,1,21833652.0,0,0
C000158,50,6920784.0,25.0,749136.0,6,1,4.0,Jakarta,Silver,App,0,8989631.0,0,0
C000159,32,,12.2,381008.0,6,2,2.0,Makassar,Basic,Web,0,4572094.0,0,0
C000160,24,5448933.0,7.7,960203.0,7,0,3.0,Jakarta,Basic,App,0,11522437.0,1,1
C000161,26,7776289.0,28.1,915411.0,1,3,3.0,Makassar,Basic,Branch,0,10984935.0,0,0
C000162,29,10806074.0,31.9,1058910.0,6,3,5.0,Surabaya,Basic,App,0,12706923.0,1,1
C000163,64,10854499.0,23.9,1382714.0,8,2,3.0,Surabaya,Basic,App,0,16592568.0,0,0
C000164,28,,50.8,1065422.0,2,2,3.0,Bandung,Basic,Branch,0,12785070.0,0,0
C000165,48,5611221.0,64.5,781849.0,2,1,3.0,Jakarta,Basic,Web,0,9382184.0,0,0
C000166,27,9647355.0,21.7,1248555.0,5,1,4.0,Surabaya,Basic,App,0,14982663.0,0,0
C000167,49,4941203.0,5.8,564695.0,3,2,3.0,Surabaya,Basic,App,0,6776345.0,0,0
C000168,43,5689588.0,34.1,502994.0,0,0,3.0,Bandung,Silver,App,1,6035934.0,0,0
C000169,36,4829300.0,58.3,645713.0,3,2,5.0,Surabaya,Basic,Web,0,7748561.0,0,0
C000170,38,4161301.0,21.7,635122.0,1,1,3.0,,Silver,Web,0,7621468.0,0,0
C000171,30,14364455.0,39.9,1511270.0,8,1,2.0,Surabaya,Gold,App,0,18135240.0,1,1
C000172,43,11683505.0,11.5,1232636.0,2,1,4.0,Surabaya,Gold,Web,0,14791631.0,0,0
C000173,33,13689204.0,33.5,1359278.0,3,2,4.0,Surabaya,Basic,App,0,16311337.0,1,1
C000174,23,8174861.0,40.4,811602.0,6,2,4.0,Surabaya,Basic,Branch,0,9739221.0,0,0
C000175,23,12264216.0,34.2,884456.0,4,0,3.0,Jakarta,Basic,Web,0,10613471.0,0,0
C000176,40,3036581.0,89.1,515827.0,4,2,2.0,Surabaya,Basic,Branch,0,6189921.0,0,0
C000177,57,12860231.0,68.6,1279209.0,8,4,2.0,Bandung,Basic,App,0,15350506.0,1,1
C000178,40,8818550.0,44.8,1604536.0,2,2,3.0,Jakarta,Basic,Branch,0,19254435.0,0,0
C000179,37,11294906.0,54.8,1119991.0,8,1,3.0,Surabaya,Gold,Branch,1,13439886.0,0,0
C000180,41,9859686.0,33.4,1142312.0,5,2,3.0,Jakarta,Basic,App,0,13707744.0,0,0
C000181,54,4648577.0,26.8,995456.0,4,1,4.0,Surabaya,Basic,Branch,0,11945473.0,0,0
C000182,41,3509662.0,20.1,657034.0,4,1,4.0,Surabaya,Basic,Web,0,7884403.0,0,0
C000183,33,5407634.0,11.2,573455.0,4,2,4.0,Surabaya,Basic,Branch,0,6881462.0,0,0
C000184,51,10915088.0,70.6,902024.0,6,2,2.0,Jakarta,Basic,Web,0,10824283.0,0,0
C000185,43,11693017.0,91.3,746129.0,5,0,3.0,Surabaya,Basic,Branch,0,8953544.0,0,0
C000186,56,3769994.0,28.6,263228.0,4,2,3.0,Jakarta,Silver,App,0,3158737.0,0,0
C000187,40,4663829.0,29.0,377787.0,2,1,4.0,Surabaya,Gold,App,1,4533449.0,0,0
C000188,23,,41.5,450279.0,7,4,3.0,Surabaya,Silver,App,1,5403351.0,0,0
C000189,22,6572694.0,25.0,830887.0,2,0,4.0,Surabaya,Silver,Web,0,9970640.0,1,1
C000190,58,3782229.0,12.5,397478.0,5,2,5.0,Surabaya,Silver,App,1,4769742.0,0,0
C000191,59,3659451.0,9.5,696775.0,4,2,3.0,Surabaya,Basic,App,0,8361299.0,0,0
C000192,36,5090785.0,89.3,464210.0,1,1,4.0,Surabaya,Silver,App,0,5570522.0,0,0
C000193,33,,6.6,1032652.0,5,2,4.0,Surabaya,Basic,Branch,0,12391830.0,0,0
C000194,56,4179178.0,35.1,384792.0,5,1,3.0,Jakarta,Silver,Web,0,4617508.0,0,0
C000195,25,7506352.0,7.5,994914.0,1,3,4.0,surabaya,Basic,App,0,11938968.0,1,1
C000196,27,14319834.0,25.9,1272935.0,3,0,3.0,Makassar,Basic,App,0,15275226.0,1,1
C000197,46,3909708.0,21.6,727547.0,7,0,3.0,Jakarta,Basic,Branch,0,8730568.0,1,1
C000198,33,7141311.0,8.6,719567.0,4,1,4.0,Bandung,Basic,App,1,8634803.0,0,0
C000199,38,14056118.0,42.5,1639141.0,5,1,,Surabaya,Silver,Web,0,19669696.0,0,0
C000200,36,6355966.0,11.8,1159700.0,2,5,3.0,Surabaya,Silver,Branch,0,13916397.0,0,0
C000201,42,5835286.0,7.6,550621.0,2,1,2.0,Surabaya,Gold,Branch,0,6607454.0,1,1
C000202,55,15170674.0,45.6,1489796.0,1,1,5.0,Surabaya,Silver,App,0,17877550.0,0,0
C000203,39,,21.7,903133.0,1,3,2.0,Jakarta,Silver,Web,0,10837592.0,0,0
C000204,46,14686281.0,15.6,1265881.0,4,1,5.0,Makassar,Silver,Branch,0,15190567.0,0,0
C000205,18,10128695.0,47.5,1114529.0,4,0,3.0,Surabaya,Silver,App,0,13374349.0,1,1
C000206,37,6625176.0,11.3,576270.0,5,0,3.0,Surabaya,Silver,Web,0,6915240.0,0,0
C000207,28,10415253.0,5.9,1279185.0,6,3,4.0,Jakarta,Basic,Web,0,15350223.0,0,0
C000208,23,9541863.0,61.7,1110289.0,4,3,3.0,Surabaya,Gold,App,1,13323466.0,0,0
C000209,27,14026201.0,81.5,1521686.0,3,0,4.0,Bandung,Basic,App,0,18260234.0,0,0
C000210,34,5917130.0,25.5,486517.0,6,0,3.0,Jakarta,Basic,App,0,5838209.0,0,0
C000211,49,8183377.0,1.1,1313623.0,6,1,3.0,Bandung,Basic,App,0,15763479.0,1,1
C000212,22,7733859.0,25.2,986504.0,3,3,5.0,Surabaya,Silver,App,1,11838044.0,0,0
C000213,38,11783768.0,49.3,1438541.0,6,2,2.0,Surabaya,Silver,App,0,17262497.0,0,0
C000214,32,4552120.0,57.8,525954.0,5,0,3.0,Jakarta,Basic,Web,0,6311445.0,0,0
C000215,34,13996103.0,12.4,1338028.0,4,2,4.0,Surabaya,Basic,Branch,0,16056341.0,0,0
C000216,50,10338992.0,22.4,1346071.0,3,2,4.0,Bandung,Silver,Branch,0,16152856.0,0,0
C000217,44,3877276.0,33.2,760594.0,4,2,2.0,Surabaya,Silver,Branch,1,9127126.0,0,0
C000218,54,15548841.0,47.4,1324794.0,5,1,2.0,Surabaya,Basic,Web,1,15897523.0,0,0
C000219,36,27335678.0,44.2,1937118.0,3,2,4.0,Surabaya,Silver,App,0,23245418.0,0,0
C000220,30,13880018.0,39.6,1251924.0,5,3,2.0,Jakarta,Silver,App,0,15023088.0,0,0
C000221,35,17536478.0,57.7,2170924.0,4,1,3.0,Surabaya,Basic,Web,1,26051089.0,1,1
C000222,41,,26.8,699663.0,6,0,,,Basic,Branch,0,8395953.0,0,0
C000223,40,3207891.0,71.1,397164.0,5,0,3.0,Surabaya,Basic,App,0,4765971.0,0,0
C000224,25,,18.4,460635.0,0,0,4.0,Jakarta,Silver,Web,0,5527617.0,0,0
C000225,39,9204907.0,44.6,701226.0,0,1,3.0,Bandung,Gold,Branch,0,8414716.0,1,1
C000226,41,5776819.0,20.4,1194361.0,7,1,3.0,,Gold,Web,0,14332333.0,0,0
C000227,68,,25.7,733285.0,5,0,3.0,Surabaya,Silver,Web,0,8799418.0,0,0
C000228,61,7728624.0,28.7,1167336.0,5,1,,Jakarta,Basic,Branch,0,14008028.0,0,0
C000229,28,11223541.0,19.6,1004762.0,9,0,3.0,Jakarta,Basic,Web,0,12057145.0,0,0
C000230,35,3598168.0,59.3,383662.0,2,1,4.0,Surabaya,Silver,App,0,4603939.0,0,0
C000231,20,,21.2,678433.0,1,1,3.0,Surabaya,Basic,Branch,1,8141200.0,1,1
C000232,31,18354420.0,27.7,1357550.0,4,1,2.0,Jakarta,Silver,Web,0,16290605.0,0,0
C000233,42,4428376.0,41.2,751317.0,2,3,4.0,Jakarta,Gold,App,0,9015805.0,0,0
C000234,52,12907521.0,113.8,1851171.0,2,2,4.0,Surabaya,Basic,Branch,0,22214048.0,0,0
C000235,29,6127823.0,42.2,854628.0,7,2,5.0,Surabaya,Basic,App,1,10255539.0,0,0
C000236,30,10800885.0,29.4,1476238.0,2,1,2.0,Jakarta,Silver,Branch,0,17714852.0,1,1
C000237,18,14628500.0,5.0,1656884.0,4,4,1.0,Surabaya,Basic,Web,0,19882608.0,1,1
C000238,36,12026908.0,25.2,2176938.0,7,2,4.0,Jakarta,Basic,App,0,26123258.0,0,0
C000239,25,13190269.0,17.0,1244845.0,7,3,2.0,Jakarta,Silver,Branch,0,14938140.0,0,0
C000240,32,4246373.0,22.2,469655.0,5,1,2.0,Surabaya,Basic,App,0,5635860.0,1,1
C000241,27,14760495.0,20.1,1642466.0,4,3,3.0,Surabaya,Basic,Branch,0,19709593.0,1,1
C000242,37,5005115.0,41.0,930726.0,1,2,3.0,Surabaya,Gold,Web,0,11168707.0,0,0
C000243,18,9227513.0,24.8,619616.0,3,3,2.0,Jakarta,Basic,App,0,7435397.0,1,1
C000244,20,9220940.0,14.0,1044468.0,4,1,3.0,Bandung,Basic,Branch,0,12533619.0,0,0
C000245,64,10446416.0,50.6,1002211.0,8,0,4.0,Makassar,Silver,App,1,12026536.0,1,1
C000246,23,9628888.0,10.3,978352.0,5,2,3.0,Bandung,Basic,App,0,11740222.0,0,0
C000247,25,,28.5,696626.0,3,1,4.0,Jakarta,Basic,Web,0,8359512.0,0,0
C000248,60,3807659.0,25.4,667120.0,5,1,4.0,,Gold,App,0,8005445.0,0,0
C000249,73,12925903.0,35.7,1642840.0,10,0,2.0,Surabaya,Silver,App,0,19714082.0,0,0
C000250,24,8860920.0,58.1,769065.0,2,0,4.0,Bandung,Basic,Web,1,9228786.0,0,0
C000251,34,15053324.0,120.0,1601386.0,6,2,3.0,Surabaya,Silver,App,1,19216634.0,0,0
C000252,42,7805577.0,29.4,566264.0,2,0,3.0,Jakarta,Basic,App,0,6795164.0,0,0
C000253,59,3693598.0,16.8,548908.0,3,3,2.0,Surabaya,Gold,Web,0,6586899.0,1,1
C000254,26,13610110.0,15.6,1555119.0,5,3,2.0,Surabaya,Silver,App,0,18661427.0,1,1
C000255,35,6525631.0,15.5,1205218.0,2,0,3.0,Surabaya,Silver,App,0,14462611.0,0,0
C000256,47,9655652.0,34.9,770622.0,3,0,4.0,Surabaya,Basic,App,0,9247464.0,1,1
C000257,43,,3.9,835682.0,4,3,4.0,Jakarta,Basic,App,0,10028186.0,1,1
C000258,33,19762921.0,9.8,1714986.0,5,0,5.0,Bandung,Basic,Web,0,20579835.0,0,0
C000259,36,4939830.0,34.9,1133164.0,2,1,2.0,Bandung,Silver,App,0,13597973.0,0,0
C000260,22,6644937.0,52.3,303736.0,5,0,3.0,Surabaya,Silver,Branch,0,3644830.0,0,0
C000261,35,8487023.0,52.5,987851.0,3,1,,Jakarta,Basic,App,0,11854210.0,1,1
C000262,35,4387420.0,30.4,683474.0,3,1,5.0,Jakarta,Basic,App,0,8201688.0,0,0
C000263,41,9594858.0,48.0,623448.0,4,3,2.0,Surabaya,Basic,Web,0,7481376.0,0,0
C000264,31,19413958.0,58.8,1719611.0,2,2,3.0,Makassar,Basic,App,0,20635329.0,0,0
C000265,44,6108537.0,21.0,788314.0,1,2,2.0,Surabaya,Gold,Web,0,9459769.0,0,0
C000266,50,,55.0,733948.0,7,2,3.0,Bandung,Silver,App,0,8807374.0,0,0
C000267,40,1763415.0,7.1,466694.0,7,1,3.0,Surabaya,Silver,Branch,0,5600330.0,0,0
C000268,42,7830532.0,9.5,1078491.0,3,3,3.0,Bandung,Gold,App,0,12941886.0,0,0
C000269,39,6734666.0,21.9,631913.0,3,0,3.0,Jakarta,Silver,App,0,7582956.0,0,0
C000270,38,5100139.0,6.2,510038.0,1,1,2.0,Surabaya,Basic,Web,0,6120461.0,0,0
C000271,29,14501314.0,41.4,881191.0,1,0,5.0,Surabaya,Silver,App,0,10574287.0,1,1
C000272,42,6685945.0,18.7,612687.0,5,1,3.0,Surabaya,Basic,Branch,0,7352248.0,0,0
C000273,37,7256002.0,25.6,1528655.0,2,2,5.0,Surabaya,Basic,Branch,0,18343865.0,0,0
C000274,63,6501191.0,26.2,1118338.0,6,2,4.0,Bandung,Silver,Web,0,13420058.0,0,0
C000275,57,2787633.0,21.5,673047.0,3,2,2.0,Jakarta,Basic,App,0,8076569.0,0,0
C000276,43,4292413.0,15.5,995447.0,2,4,3.0,surabaya,Silver,Web,0,11945369.0,0,0
C000277,29,13572463.0,40.1,1817534.0,2,1,2.0,Surabaya,Basic,App,0,21810406.0,0,0
C000278,25,2506704.0,18.4,333993.0,4,5,2.0,Surabaya,Basic,App,0,4007920.0,1,1
C000279,52,5248635.0,26.0,1120858.0,2,1,2.0,Jakarta,Basic,App,0,13450302.0,1,1
C000280,41,,36.0,775139.0,6,2,2.0,Surabaya,Basic,App,0,9301664.0,0,0
C000281,44,20872522.0,58.5,2633060.0,4,6,1.0,Bandung,Basic,App,0,31596719.0,0,0
C000282,18,12209003.0,55.5,761603.0,7,1,3.0,Jakarta,Basic,Web,0,9139236.0,0,0
C000283,49,5888479.0,19.7,1008448.0,4,1,3.0,,Basic,App,0,12101371.0,0,0
C000284,43,16394142.0,14.8,1544567.0,4,0,3.0,Surabaya,Basic,App,0,18534804.0,0,0
C000285,25,5323643.0,66.2,631215.0,3,1,3.0,Jakarta,Basic,App,0,7574580.0,0,0
C000286,32,13935596.0,18.3,1611569.0,3,2,4.0,Makassar,Basic,Web,0,19338834.0,0,0
C000287,41,3788837.0,39.0,905655.0,6,0,4.0,Surabaya,Silver,Web,0,10867858.0,1,1
C000288,39,14436119.0,5.9,1645434.0,7,1,3.0,surabaya,Silver,App,0,19745209.0,0,0
C000289,34,6398528.0,3.8,486052.0,5,3,3.0,Jakarta,Basic,Web,0,5832619.0,1,1
C000290,37,4543802.0,29.4,884928.0,3,3,2.0,Surabaya,Silver,Branch,0,10619130.0,1,1
C000291,35,7099416.0,23.5,1174685.0,4,2,,Surabaya,Gold,App,0,14096223.0,0,0
C000292,40,9318306.0,45.8,875978.0,6,1,2.0,Surabaya,Basic,Web,0,10511742.0,1,1
C000293,56,6094154.0,15.6,1388375.0,3,2,4.0,Surabaya,Gold,Branch,0,16660502.0,0,0
C000294,18,10849467.0,34.2,883086.0,4,0,4.0,Jakarta,Silver,Branch,1,10597035.0,1,1
C000295,35,5805437.0,44.2,742683.0,3,1,4.0,Bandung,Basic,App,0,8912199.0,0,0
C000296,40,,16.1,1172202.0,4,3,3.0,Makassar,Basic,App,0,14066425.0,0,0
C000297,42,10202815.0,21.9,1179203.0,5,1,3.0,Surabaya,Gold,Web,0,14150434.0,0,0
C000298,34,7736380.0,11.2,726003.0,2,1,3.0,Surabaya,Basic,App,0,8712036.0,0,0
C000299,18,6275676.0,46.9,882587.0,1,2,2.0,Surabaya,Basic,App,0,10591039.0,1,1
C000300,42,8695355.0,40.4,1053091.0,2,3,4.0,,Basic,App,0,12637097.0,0,0
C000301,59,10827412.0,42.5,1147888.0,5,2,3.0,Jakarta,Basic,App,0,13774653.0,0,0
C000302,20,24864251.0,23.4,2254823.0,4,2,2.0,Surabaya,Basic,App,0,27057881.0,0,0
C000303,48,13411637.0,40.0,2410536.0,5,1,4.0,Surabaya,Basic,App,0,28926427.0,0,0
C000304,34,13684120.0,25.0,1334396.0,7,0,4.0,Surabaya,Silver,Web,0,16012748.0,0,0
C000305,37,43733887.0,73.4,4540360.0,2,1,3.0,Surabaya,Basic,App,0,54484318.0,0,0
C000306,25,10625096.0,27.7,1161691.0,5,1,3.0,Jakarta,Silver,App,0,13940294.0,0,0
C000307,34,10443664.0,53.5,971004.0,6,3,4.0,Makassar,Gold,Branch,0,11652053.0,0,0
C000308,54,11782906.0,23.5,1219169.0,3,0,4.0,Jakarta,Basic,Web,0,14630030.0,0,0
C000309,45,4592894.0,63.8,810158.0,3,0,4.0,Surabaya,Gold,App,0,9721898.0,0,0
C000310,59,6266987.0,14.8,803015.0,4,1,3.0,Surabaya,Silver,App,0,9636178.0,0,0
C000311,52,6055994.0,37.1,436826.0,2,2,2.0,Jakarta,Basic,Web,1,5241907.0,0,0
C000312,43,11423004.0,17.2,1441324.0,7,4,3.0,Bandung,Basic,Web,0,17295892.0,0,0
C000313,59,,33.2,1038306.0,5,1,3.0,Jakarta,Basic,Branch,0,12459674.0,0,0
C000314,43,8631898.0,18.4,820435.0,5,3,2.0,Surabaya,Gold,App,0,9845214.0,1,1
C000315,48,14549281.0,27.6,1854128.0,5,0,5.0,Jakarta,Basic,Web,1,22249532.0,0,0
C000316,34,12860678.0,20.5,1308843.0,2,1,2.0,,Silver,App,0,15706117.0,0,0
C000317,39,7319156.0,43.2,770656.0,4,2,1.0,Surabaya,Silver,Branch,0,9247877.0,0,0
C000318,30,5534185.0,38.2,837389.0,9,1,5.0,Makassar,Gold,App,0,10048671.0,0,0
C000319,50,14937019.0,16.7,1148536.0,6,1,2.0,Bandung,Gold,App,0,13782437.0,0,0
C000320,24,12244559.0,16.4,836504.0,3,1,3.0,Surabaya,Basic,Web,0,10038053.0,0,0
C000321,47,3306864.0,13.8,567660.0,1,4,2.0,Jakarta,Basic,Web,0,6811923.0,1,1
C000322,36,6734253.0,11.7,641551.0,3,2,2.0,Surabaya,Basic,Web,0,7698610.0,0,0
C000323,52,8762446.0,45.1,884999.0,5,3,5.0,Surabaya,Basic,App,0,10619983.0,1,1
C000324,47,,13.2,1213112.0,10,1,3.0,Bandung,Gold,Branch,0,14557348.0,0,0
C000325,60,13197103.0,35.1,853351.0,5,2,3.0,Bandung,Silver,Web,0,10240216.0,0,0
C000326,47,9351996.0,19.2,857033.0,4,0,4.0,Surabaya,Gold,App,1,10284395.0,0,0
C000327,19,11037821.0,52.5,902294.0,6,2,3.0,Bandung,Basic,Branch,0,10827530.0,0,0
C000328,37,8287238.0,84.7,578013.0,3,1,4.0,Surabaya,Basic,App,0,6936152.0,0,0
C000329,24,5522458.0,1.0,681691.0,1,0,4.0,,Basic,Web,0,8180297.0,0,0
C000330,32,,14.7,511624.0,8,3,4.0,Makassar,Basic,App,0,6139485.0,0,0
C000331,56,,18.9,788411.0,5,1,3.0,Bandung,Silver,App,0,9460932.0,0,0
C000332,46,7848857.0,24.0,792875.0,1,0,4.0,Jakarta,Silver,App,0,9514500.0,0,0
C000333,30,2835948.0,23.0,523732.0,2,2,3.0,Surabaya,Silver,App,1,6284786.0,0,0
C000334,26,6429043.0,9.4,774657.0,3,1,4.0,jakarta,Silver,App,0,9295879.0,1,1
C000335,38,8251167.0,85.8,889351.0,5,1,3.0,Makassar,Basic,App,0,10672215.0,0,0
C000336,23,6853011.0,23.6,823184.0,3,2,5.0,Surabaya,Basic,Web,1,9878206.0,0,0
C000337,30,6984465.0,38.1,781452.0,5,0,4.0,Surabaya,Silver,App,0,9377425.0,0,0
C000338,42,10462912.0,38.9,470189.0,5,2,3.0,Surabaya,Basic,Web,0,5642267.0,0,0
C000339,52,4419449.0,7.6,666894.0,3,1,3.0,Jakarta,Basic,App,0,8002732.0,0,0
C000340,45,3267478.0,21.3,831069.0,1,2,3.0,Surabaya,Basic,App,1,9972823.0,0,0
C000341,18,6605801.0,45.1,743686.0,4,2,3.0,Jakarta,Gold,App,1,8924234.0,0,0
C000342,42,12178894.0,66.4,1459081.0,4,0,4.0,Surabaya,Silver,Web,0,17508976.0,0,0
C000343,39,20238682.0,21.7,14009256.0,4,0,4.0,Makassar,Basic,App,0,168111072.0,0,0
C000344,43,12300158.0,8.9,1159547.0,5,3,5.0,,Silver,Branch,0,13914564.0,0,0
C000345,57,3567612.0,17.7,654201.0,0,1,,Bandung,Basic,Web,0,7850416.0,0,0
C000346,18,7040221.0,21.0,715394.0,3,1,3.0,Makassar,Basic,Branch,0,8584725.0,0,0
C000347,31,9212769.0,20.4,676907.0,3,0,3.0,Surabaya,Basic,App,0,8122889.0,0,0
C000348,45,8820836.0,13.8,961745.0,0,2,5.0,Surabaya,Basic,Web,0,11540935.0,0,0
C000349,19,10762405.0,8.1,772691.0,3,2,2.0,,Gold,Web,1,9272295.0,0,0
C000350,56,4831054.0,11.1,499084.0,9,1,3.0,Surabaya,Basic,App,0,5989011.0,0,0
C000351,42,8290914.0,17.8,1187423.0,2,1,4.0,,Basic,Branch,0,14249074.0,0,0
C000352,48,10080664.0,44.7,1201001.0,6,1,,Surabaya,Gold,App,0,14412011.0,0,0
C000353,31,12598283.0,56.2,1651009.0,5,1,5.0,Surabaya,Basic,App,0,19812113.0,1,1
C000354,48,5136113.0,29.8,673125.0,3,0,3.0,Jakarta,Silver,Web,0,8077497.0,0,0
C000355,51,6616756.0,11.4,631952.0,4,1,3.0,Jakarta,Basic,App,0,7583422.0,0,0
C000356,41,1808218.0,18.6,293391.0,1,1,5.0,Makassar,Basic,App,0,3520693.0,0,0
C000357,41,5683899.0,4.0,780740.0,5,3,3.0,,Basic,Web,0,9368879.0,1,1
C000358,41,,67.2,1184823.0,2,0,4.0,Surabaya,Silver,App,0,14217873.0,0,0
C000359,28,4566148.0,16.5,1169546.0,7,2,3.0,Jakarta,Basic,Web,0,14034555.0,0,0
C000360,36,8762912.0,36.0,995744.0,4,0,,Surabaya,Basic,App,0,11948927.0,0,0
C000361,36,7757589.0,53.6,1160180.0,3,2,4.0,Surabaya,Basic,Branch,0,13922162.0,0,0
C000362,43,2309137.0,79.1,299113.0,0,1,3.0,Surabaya,Silver,App,1,3589361.0,0,0
C000363,50,9006720.0,47.9,870009.0,4,0,1.0,Surabaya,Silver,App,0,10440111.0,0,0
C000364,25,4801187.0,20.3,671730.0,1,2,3.0,Surabaya,Gold,App,0,8060757.0,1,1
C000365,36,10449671.0,39.3,1271516.0,2,1,3.0,Surabaya,Silver,Web,0,15258189.0,0,0
C000366,56,3952797.0,77.3,748281.0,4,4,,surabaya,Basic,App,0,8979378.0,0,0
C000367,29,8133124.0,16.3,1747106.0,4,4,,Bandung,Basic,App,0,20965277.0,1,1
C000368,28,6846254.0,7.7,555033.0,3,0,3.0,Surabaya,Basic,App,1,6660392.0,0,0
C000369,40,9451255.0,13.9,925981.0,5,0,3.0,Makassar,Basic,App,0,11111777.0,0,0
C000370,48,8567920.0,37.5,428983.0,2,1,5.0,Bandung,Basic,Branch,0,5147796.0,0,0
C000371,38,6952500.0,20.7,497379.0,3,1,3.0,Bandung,Silver,Web,0,5968548.0,0,0
C000372,54,3436631.0,25.8,360803.0,7,0,4.0,Surabaya,Basic,App,0,4329631.0,0,0
C000373,48,3550105.0,41.8,370696.0,7,1,2.0,Surabaya,Gold,App,0,4448358.0,0,0
C000374,48,5802586.0,13.6,537200.0,2,0,3.0,Surabaya,Basic,Web,0,6446395.0,0,0
C000375,45,7963651.0,24.9,797627.0,5,0,3.0,Surabaya,Silver,Web,0,9571525.0,0,0
C000376,66,5725359.0,18.4,1228272.0,5,2,4.0,Surabaya,Basic,App,0,14739266.0,0,0
C000377,36,11283123.0,75.4,1561490.0,4,0,,Surabaya,Silver,Branch,1,18737880.0,0,0
C000378,18,6861115.0,46.9,426342.0,1,2,3.0,Jakarta,Gold,App,1,5116107.0,0,0
C000379,57,4705277.0,20.8,930109.0,5,1,4.0,Jakarta,Basic,App,0,11161310.0,0,0
C000380,33,6865361.0,19.9,690597.0,8,0,4.0,Surabaya,Basic,Web,1,8287166.0,1,1
C000381,39,9058146.0,80.8,765778.0,2,1,1.0,Surabaya,Silver,Web,0,9189331.0,0,0
C000382,54,9565168.0,76.7,902707.0,0,1,2.0,Jakarta,Gold,App,1,10832481.0,0,0
C000383,19,22478292.0,37.4,2185057.0,1,0,4.0,Jakarta,Silver,Branch,0,26220680.0,0,0
C000384,23,5537490.0,26.7,476974.0,5,2,2.0,Jakarta,Basic,Web,0,5723692.0,1,1
C000385,19,7683140.0,9.6,952429.0,8,4,2.0,Bandung,Silver,Branch,0,11429145.0,0,0
C000386,28,10112879.0,14.0,1198888.0,3,3,2.0,Jakarta,Silver,Web,0,14386654.0,0,0
C000387,43,7897600.0,8.9,831282.0,0,3,2.0,Surabaya,Basic,Web,0,9975386.0,0,0
C000388,44,6074511.0,55.0,459798.0,8,1,2.0,Surabaya,Silver,App,0,5517574.0,0,0
C000389,41,3412176.0,9.7,507436.0,5,3,3.0,Surabaya,Basic,App,0,6089231.0,0,0
C000390,21,6040474.0,19.7,460336.0,5,1,2.0,Surabaya,Basic,App,0,5524034.0,0,0
C000391,18,4432241.0,4.8,395441.0,4,2,3.0,Bandung,Basic,Web,0,4745294.0,0,0
C000392,39,3095062.0,7.0,1032450.0,2,3,2.0,Jakarta,Silver,App,0,12389395.0,0,0
C000393,32,5164551.0,43.1,730177.0,2,1,3.0,Jakarta,Basic,Branch,0,8762126.0,0,0
C000394,44,4497587.0,33.5,432407.0,5,2,5.0,Surabaya,Basic,App,0,5188885.0,0,0
C000395,46,,27.4,1171994.0,2,1,2.0,Jakarta,Silver,App,0,14063922.0,0,0
C000396,40,11134429.0,20.0,669926.0,1,0,4.0,Surabaya,Basic,App,0,8039111.0,0,0
C000397,47,4866174.0,6.2,684231.0,3,1,4.0,Surabaya,Basic,App,0,8210775.0,0,0
C000398,41,6933161.0,18.0,918421.0,4,6,3.0,Jakarta,Gold,App,0,11021051.0,1,1
C000399,44,2878899.0,23.8,352976.0,2,3,3.0,Surabaya,Silver,App,1,4235711.0,0,0
C000400,30,6095523.0,41.2,885297.0,6,1,5.0,Surabaya,Basic,Web,0,10623568.0,0,0
C000401,36,9963033.0,53.1,1062216.0,5,2,4.0,surabaya,Basic,App,0,12746587.0,1,1
C000402,40,12593205.0,44.0,812505.0,5,0,4.0,Surabaya,Basic,App,0,9750057.0,0,0
C000403,48,5404682.0,33.4,881821.0,8,1,2.0,Surabaya,Silver,App,1,10581848.0,0,0
C000404,33,14267179.0,27.1,1751536.0,3,2,3.0,Jakarta,Basic,App,0,21018433.0,0,0
C000405,44,3475752.0,31.2,624061.0,1,0,3.0,Surabaya,Basic,Branch,1,7488729.0,1,1
C000406,35,4027904.0,17.1,332717.0,2,0,3.0,Surabaya,Gold,Branch,0,3992603.0,0,0
C000407,37,11819557.0,28.8,1334394.0,5,1,,Surabaya,Silver,App,0,16012729.0,0,0
C000408,48,20056599.0,23.7,2895491.0,4,4,3.0,Surabaya,Silver,App,0,34745897.0,0,0
C000409,18,,101.6,656804.0,3,0,4.0,Bandung,Silver,App,0,7881646.0,0,0
C000410,22,7824448.0,31.7,1189836.0,4,3,4.0,Bandung,Gold,Web,0,14278037.0,1,1
C000411,20,2391906.0,3.6,428334.0,0,0,4.0,Jakarta,Basic,App,0,5140013.0,0,0
C000412,18,2630294.0,19.2,456309.0,4,3,3.0,Jakarta,Basic,Web,0,5475714.0,1,1
C000413,30,8590155.0,21.9,1024529.0,8,1,3.0,Jakarta,Basic,App,1,12294352.0,0,0
C000414,47,6569956.0,48.0,852926.0,5,3,3.0,Surabaya,Basic,Web,0,10235109.0,1,1
C000415,35,,34.5,1036702.0,5,2,3.0,Jakarta,Gold,App,1,12440427.0,0,0
C000416,40,8293603.0,33.4,513156.0,2,1,3.0,Surabaya,Silver,App,0,6157874.0,0,0
C000417,51,8522961.0,62.5,1334926.0,1,3,2.0,Surabaya,Basic,App,0,16019111.0,0,0
C000418,54,13448536.0,76.9,1849955.0,5,4,3.0,Bandung,Basic,Web,0,22199455.0,1,1
C000419,37,,43.1,856523.0,5,3,4.0,bandung,Silver,Web,0,10278282.0,1,1
C000420,54,15721960.0,20.4,1007865.0,6,1,3.0,Surabaya,Basic,Web,0,12094375.0,0,0
C000421,39,8035251.0,20.8,710906.0,3,2,2.0,Makassar,Silver,App,0,8530876.0,0,0
C000422,28,7508287.0,57.4,653444.0,4,2,4.0,Jakarta,Gold,Web,0,7841325.0,0,0
C000423,31,14365266.0,20.8,1406052.0,5,2,1.0,Surabaya,Silver,App,0,16872623.0,0,0
C000424,20,4670654.0,25.8,541777.0,4,2,4.0,Jakarta,Basic,Web,1,6501319.0,1,1
C000425,27,37614426.0,18.9,3331549.0,6,1,2.0,Bandung,Silver,Web,0,39978587.0,0,0
C000426,34,9833876.0,11.2,995092.0,2,2,4.0,Makassar,Silver,App,0,11941102.0,0,0
C000427,48,9864058.0,96.6,878354.0,6,1,3.0,Jakarta,Silver,Web,0,10540252.0,0,0
C000428,59,10678628.0,25.9,912592.0,1,2,3.0,Surabaya,Basic,Branch,0,10951109.0,0,0
C000429,21,22462935.0,68.3,3245380.0,6,0,5.0,Jakarta,Silver,Branch,0,38944559.0,0,0
C000430,43,12370574.0,21.0,1104267.0,4,4,2.0,Surabaya,Silver,App,0,13251199.0,1,1
C000431,26,3309049.0,16.5,306360.0,5,1,2.0,Jakarta,Basic,Branch,0,3676319.0,0,0
C000432,44,17311140.0,40.7,1099545.0,5,4,3.0,Makassar,Basic,App,0,13194541.0,0,0
C000433,36,6632279.0,52.9,830397.0,4,0,5.0,Bandung,Basic,App,1,9964766.0,0,0
C000434,18,8485653.0,55.2,923074.0,3,2,3.0,Surabaya,Silver,App,0,11076884.0,0,0
C000435,49,3958447.0,23.6,619399.0,1,2,3.0,Surabaya,Basic,App,0,7432793.0,0,0
C000436,31,10685126.0,43.5,1004048.0,0,3,3.0,Surabaya,Basic,App,0,12048572.0,0,0
C000437,32,5591154.0,17.9,755222.0,3,0,3.0,Surabaya,Basic,Branch,0,9062666.0,0,0
C000438,25,8453114.0,28.5,892055.0,2,1,4.0,Makassar,Basic,App,0,10704662.0,1,1
C000439,30,6842732.0,22.0,1142024.0,6,1,3.0,Surabaya,Silver,App,0,13704290.0,0,0
C000440,43,23062285.0,19.5,2669846.0,1,0,5.0,Bandung,Basic,Web,0,32038149.0,0,0
C000441,36,,29.4,2268884.0,1,3,4.0,Surabaya,Basic,App,0,27226605.0,0,0
C000442,42,8207298.0,11.0,785233.0,4,2,2.0,Jakarta,Basic,Branch,1,9422798.0,0,0
C000443,42,8286513.0,50.1,740671.0,2,3,3.0,Makassar,Basic,Branch,0,8888047.0,1,1
C000444,54,6514614.0,19.6,844784.0,5,1,4.0,Jakarta,Silver,App,0,10137402.0,0,0
C000445,34,14698493.0,48.6,1442464.0,2,2,2.0,Jakarta,Gold,App,1,17309569.0,0,0
C000446,20,6676111.0,13.0,1177137.0,1,3,2.0,Surabaya,Basic,App,0,14125639.0,1,1
C000447,51,6345247.0,19.6,774291.0,2,2,3.0,Surabaya,Basic,Branch,0,9291492.0,0,0
C000448,34,13703724.0,10.9,1278405.0,6,0,4.0,Jakarta,Basic,App,0,15340860.0,1,1
C000449,51,5949916.0,10.6,1705689.0,4,0,5.0,Surabaya,Basic,App,0,20468266.0,0,0
C000450,43,7835591.0,14.5,766705.0,2,1,4.0,Jakarta,Basic,Web,0,9200455.0,0,0
C000451,36,3352548.0,13.2,474274.0,2,3,,Surabaya,Gold,Web,0,5691292.0,0,0
C000452,42,11784042.0,11.0,1314122.0,5,1,3.0,Surabaya,Basic,Web,0,15769460.0,0,0
C000453,61,23264262.0,27.2,2602252.0,5,1,4.0,Bandung,Basic,App,0,31227025.0,0,0
C000454,63,11894969.0,40.1,1493926.0,1,0,3.0,Bandung,Gold,Web,1,17927111.0,0,0
C000455,39,17875500.0,41.5,1808583.0,2,2,5.0,Makassar,Silver,Web,0,21702993.0,0,0
C000456,40,5023291.0,5.7,646980.0,3,0,5.0,Surabaya,Basic,App,0,7763764.0,1,1
C000457,51,9110430.0,21.9,543197.0,5,2,4.0,Surabaya,Silver,Web,0,6518361.0,1,1
C000458,28,4762171.0,20.3,981723.0,6,0,2.0,Surabaya,Silver,App,0,11780682.0,0,0
C000459,42,7058062.0,63.2,842443.0,5,2,4.0,Makassar,Gold,App,0,10109318.0,0,0
C000460,38,12233252.0,22.5,867313.0,7,0,3.0,Jakarta,Basic,App,0,10407753.0,0,0
C000461,42,8460793.0,25.6,808815.0,4,3,3.0,Makassar,Basic,App,0,9705776.0,1,1
C000462,28,3678441.0,7.9,753733.0,4,4,1.0,Bandung,Silver,App,0,9044794.0,0,0
C000463,19,3881321.0,14.2,600474.0,6,0,4.0,Surabaya,Gold,App,0,7205687.0,0,0
C000464,18,3742678.0,7.4,458172.0,1,2,3.0,Surabaya,Silver,App,1,5498062.0,0,0
C000465,25,10482849.0,28.4,1154220.0,4,0,3.0,Surabaya,Basic,Web,0,13850635.0,0,0
C000466,32,24892923.0,64.5,3145236.0,10,0,4.0,surabaya,Gold,App,1,37742837.0,0,0
C000467,34,16925030.0,14.6,1329653.0,3,2,3.0,Makassar,Basic,Web,0,15955830.0,1,1
C000468,61,2819754.0,22.6,349183.0,8,1,3.0,Surabaya,Basic,App,0,4190194.0,0,0
C000469,51,17479579.0,13.2,1581985.0,7,1,4.0,Bandung,Basic,App,0,18983822.0,0,0
C000470,26,,16.8,1220813.0,4,0,5.0,Surabaya,Silver,App,1,14649752.0,0,0
C000471,42,3419610.0,28.8,533431.0,2,1,4.0,Jakarta,Basic,Web,0,6401169.0,0,0
C000472,33,6771216.0,84.2,647116.0,2,3,1.0,Surabaya,Gold,Web,1,7765388.0,0,0
C000473,35,14613984.0,62.5,1259927.0,2,2,2.0,Jakarta,Basic,App,0,15119124.0,0,0
C000474,40,10828483.0,74.4,833195.0,5,2,3.0,Jakarta,Basic,App,1,9998345.0,0,0
C000475,45,3894009.0,48.9,706274.0,3,2,4.0,Surabaya,Silver,App,0,8475287.0,0,0
C000476,34,11193684.0,22.4,1449049.0,7,3,3.0,Makassar,Basic,App,0,17388589.0,1,1
C000477,51,2469007.0,20.2,246320.0,5,2,4.0,Jakarta,Basic,App,0,2955842.0,1,1
C000478,24,7077278.0,14.6,740231.0,3,1,3.0,Surabaya,Gold,Web,0,8882770.0,0,0
C000479,38,14959069.0,2.0,1492699.0,6,2,4.0,Surabaya,Gold,App,0,17912390.0,0,0
C000480,69,,22.1,656943.0,8,0,4.0,Surabaya,Silver,Branch,0,7883312.0,0,0
C000481,41,6080129.0,65.1,1060562.0,6,0,3.0,Surabaya,Basic,App,0,12726740.0,0,0
C000482,55,13047310.0,64.6,1107107.0,3,0,4.0,Surabaya,Silver,App,0,13285287.0,0,0
C000483,39,13674804.0,104.0,763202.0,6,1,2.0,Surabaya,Silver,Branch,0,9158423.0,0,0
C000484,45,16444044.0,30.3,1416132.0,5,0,4.0,,Basic,App,0,16993580.0,0,0
C000485,37,12940085.0,9.5,1107694.0,4,0,3.0,Makassar,Basic,Web,0,13292331.0,0,0
C000486,36,14500711.0,38.4,1730613.0,5,2,3.0,Surabaya,Basic,App,0,20767353.0,0,0
C000487,29,11971649.0,84.8,1261457.0,4,0,4.0,Bandung,Basic,App,0,15137483.0,0,0
C000488,43,9257947.0,70.6,734437.0,3,2,3.0,Surabaya,Basic,Branch,1,8813246.0,1,1
C000489,28,8403695.0,18.5,606411.0,3,2,4.0,Jakarta,Basic,App,0,7276938.0,0,0
C000490,46,7021302.0,10.4,867036.0,3,1,3.0,Surabaya,Silver,App,0,10404429.0,0,0
C000491,51,4106779.0,10.1,862589.0,4,1,4.0,Surabaya,Gold,App,0,10351070.0,1,1
C000492,42,4730449.0,15.4,618621.0,3,1,5.0,Surabaya,Basic,App,0,7423448.0,0,0
C000493,35,6850582.0,17.3,1107076.0,1,1,5.0,Jakarta,Gold,App,1,13284913.0,0,0
C000494,43,9136161.0,21.2,854709.0,1,2,3.0,Surabaya,Silver,Web,0,10256510.0,0,0
C000495,34,17670357.0,41.8,2197849.0,5,5,2.0,Bandung,Silver,App,0,26374188.0,1,1
C000496,49,7818190.0,20.6,639918.0,1,0,3.0,Surabaya,Gold,Web,0,7679020.0,0,0
C000497,18,13892561.0,27.6,1996677.0,5,1,,,Basic,Web,0,23960126.0,0,0
C000498,34,14484298.0,7.0,996074.0,5,1,3.0,Surabaya,Silver,Web,0,11952887.0,0,0
C000499,18,7043786.0,14.6,930521.0,3,1,2.0,Surabaya,Basic,Branch,1,11166247.0,0,0
C000500,20,11095295.0,14.1,1708263.0,4,2,4.0,Surabaya,Gold,Web,0,20499153.0,0,0
C000501,54,6997137.0,5.9,797309.0,7,3,4.0,,Silver,App,0,9567707.0,1,1
C000502,49,16553810.0,20.3,1709020.0,6,1,4.0,Bandung,Silver,App,0,20508237.0,0,0
C000503,29,11349292.0,7.0,1470909.0,4,1,5.0,Jakarta,Basic,Web,0,17650909.0,0,0
C000504,20,4156509.0,19.2,742559.0,1,4,3.0,Jakarta,Basic,App,0,8910707.0,1,1
C000505,18,8743234.0,29.1,1304353.0,2,1,4.0,Surabaya,Basic,App,0,15652239.0,0,0
C000506,31,19804382.0,65.8,2302023.0,5,1,4.0,Surabaya,Basic,Web,0,27624275.0,0,0
C000507,67,7241037.0,13.5,746172.0,3,3,2.0,Jakarta,Basic,App,0,8954067.0,0,0
C000508,43,10233686.0,28.6,1266391.0,2,0,3.0,Surabaya,Basic,App,0,15196691.0,0,0
C000509,31,10801391.0,16.2,1207188.0,3,1,3.0,Surabaya,Gold,App,0,14486254.0,0,0
C000510,44,4523558.0,6.7,707566.0,3,2,4.0,Surabaya,Silver,App,0,8490787.0,0,0
C000511,19,10594457.0,66.3,1245219.0,3,2,3.0,Makassar,Basic,App,0,14942625.0,0,0
C000512,34,3716685.0,30.1,338820.0,6,0,3.0,Surabaya,Gold,Branch,0,4065843.0,0,0
C000513,39,5670903.0,37.1,610018.0,4,0,3.0,Surabaya,Silver,App,0,7320218.0,0,0
C000514,37,14455705.0,73.3,1757544.0,5,3,3.0,Surabaya,Gold,App,0,21090526.0,0,0
C000515,47,9734317.0,19.1,1050635.0,4,1,3.0,Bandung,Silver,App,0,12607616.0,0,0
C000516,42,6766465.0,9.1,862880.0,5,1,2.0,Surabaya,Silver,App,0,10354565.0,1,1
C000517,46,,13.4,1197257.0,4,0,2.0,Surabaya,Basic,App,0,14367083.0,0,0
C000518,30,7739916.0,8.4,740933.0,2,0,4.0,Makassar,Silver,App,0,8891201.0,0,0
C000519,49,8055537.0,54.9,713078.0,7,1,4.0,Bandung,Silver,Web,0,8556931.0,0,0
C000520,58,11480980.0,86.9,1909122.0,4,4,3.0,Jakarta,Basic,App,0,22909468.0,0,0
C000521,26,5362280.0,28.9,653239.0,5,3,2.0,Surabaya,Basic,App,0,7838870.0,1,1
C000522,27,8179464.0,42.6,738525.0,2,1,4.0,Surabaya,Gold,Web,0,8862303.0,0,0
C000523,54,6737534.0,50.2,1022843.0,4,1,4.0,Bandung,Gold,App,1,12274115.0,0,0
C000524,36,3344642.0,76.4,384299.0,2,2,3.0,Jakarta,Silver,App,0,4611589.0,0,0
C000525,55,4822010.0,84.6,500018.0,5,3,3.0,Surabaya,Basic,App,0,6000214.0,0,0
C000526,33,18952865.0,4.6,1677682.0,2,0,5.0,Surabaya,Basic,App,0,20132180.0,1,1
C000527,55,9885207.0,16.6,822178.0,2,4,,Surabaya,Basic,App,0,9866133.0,1,1
C000528,40,3863092.0,26.6,595163.0,4,1,3.0,Jakarta,Silver,App,0,7141957.0,0,0
C000529,41,3428924.0,15.1,440167.0,4,0,3.0,Jakarta,Basic,App,0,5281999.0,0,0
C000530,57,7521393.0,21.6,1340219.0,2,2,4.0,Surabaya,Basic,App,0,16082630.0,0,0
C000531,34,18879830.0,35.5,2349451.0,7,1,3.0,Jakarta,Silver,App,0,28193417.0,0,0
C000532,27,7219059.0,34.8,1040446.0,2,3,2.0,Bandung,Silver,Web,0,12485354.0,1,1
C000533,33,16416572.0,49.2,1457178.0,4,1,3.0,Jakarta,Gold,App,0,17486137.0,0,0
C000534,43,9708516.0,27.1,1565427.0,5,3,3.0,Surabaya,Basic,App,0,18785127.0,0,0
C000535,19,10367017.0,2.3,920730.0,5,3,4.0,Makassar,Basic,Branch,0,11048758.0,1,1
C000536,46,3837401.0,20.3,822692.0,8,3,3.0,Surabaya,Basic,Web,0,9872301.0,0,0
C000537,32,13397648.0,33.1,1617417.0,4,1,3.0,Jakarta,Silver,App,0,19409010.0,0,0
C000538,52,6654071.0,51.5,1106123.0,6,0,3.0,Surabaya,Basic,App,0,13273481.0,0,0
C000539,18,12860266.0,46.7,1380702.0,3,1,3.0,Jakarta,Silver,Branch,0,16568429.0,0,0
C000540,29,5112293.0,24.5,451954.0,4,1,5.0,Jakarta,Basic,Web,0,5423447.0,0,0
C000541,18,,15.8,706862.0,2,2,3.0,Surabaya,Basic,Web,0,8482346.0,0,0
C000542,28,,25.3,1074244.0,5,0,4.0,Jakarta,Basic,Web,0,12890933.0,0,0
C000543,41,7350168.0,5.3,612460.0,3,1,3.0,Jakarta,Gold,Branch,0,7349522.0,1,1
C000544,36,9993565.0,17.0,1312758.0,1,3,3.0,Surabaya,Silver,App,0,15753093.0,0,0
C000545,35,6909679.0,57.7,1092264.0,7,1,4.0,Surabaya,Basic,Web,0,13107173.0,0,0
C000546,36,5598276.0,25.3,543486.0,4,0,4.0,Surabaya,Basic,App,0,6521834.0,0,0
C000547,40,,34.1,1881819.0,5,2,3.0,Makassar,Basic,App,0,22581828.0,0,0
C000548,26,14244425.0,8.1,1273622.0,4,1,3.0,Surabaya,Basic,App,0,15283466.0,0,0
C000549,46,5264393.0,51.2,439937.0,4,3,3.0,Surabaya,Gold,Web,0,5279238.0,1,1
C000550,46,10936282.0,23.6,1331137.0,6,2,3.0,,Basic,App,0,15973645.0,0,0
C000551,43,5317313.0,33.3,894250.0,3,1,3.0,Bandung,Basic,Web,0,10731005.0,0,0
C000552,45,4169787.0,38.4,851135.0,4,2,5.0,Jakarta,Gold,Branch,0,10213623.0,0,0
C000553,42,14126278.0,50.0,1227160.0,6,1,4.0,Jakarta,Silver,App,0,14725921.0,0,0
C000554,62,3133613.0,29.9,301005.0,6,3,2.0,Jakarta,Basic,App,0,3612062.0,0,0
C000555,37,13319276.0,24.0,1378288.0,2,3,2.0,Jakarta,Basic,App,0,16539460.0,0,0
C000556,34,6961843.0,9.8,731687.0,4,0,3.0,Makassar,Basic,App,0,8780241.0,0,0
C000557,29,7121304.0,7.4,829606.0,3,2,2.0,Jakarta,Silver,App,0,9955269.0,0,0
C000558,26,10022221.0,29.4,1508418.0,2,2,3.0,Jakarta,Gold,Web,1,18101014.0,0,0
C000559,23,11013270.0,33.4,1905987.0,3,2,2.0,Jakarta,Basic,Web,0,22871847.0,1,1
C000560,27,5078179.0,37.3,767642.0,5,0,3.0,Surabaya,Basic,App,0,9211702.0,0,0
C000561,37,11872094.0,13.6,1577876.0,2,2,3.0,Jakarta,Basic,App,0,18934514.0,0,0
C000562,42,8514711.0,17.1,1168255.0,3,2,3.0,Jakarta,Basic,App,0,14019057.0,0,0
C000563,39,,29.1,756917.0,1,3,3.0,Bandung,Silver,App,0,9083004.0,0,0
C000564,29,7286407.0,18.8,934041.0,3,0,3.0,Makassar,Basic,Branch,0,11208489.0,0,0
C000565,49,17101138.0,109.4,2189658.0,3,0,5.0,Surabaya,Gold,App,0,26275900.0,0,0
C000566,47,20117069.0,16.8,1562756.0,4,1,4.0,Jakarta,Basic,App,0,18753076.0,0,0
C000567,36,11869632.0,35.0,1326322.0,7,0,3.0,Surabaya,Silver,App,1,15915861.0,0,0
C000568,30,4156829.0,45.8,677751.0,7,2,2.0,Bandung,Silver,Web,0,8133007.0,0,0
C000569,45,10477974.0,47.7,905475.0,5,0,2.0,Jakarta,Basic,App,1,10865706.0,0,0
C000570,40,12774041.0,18.6,1297880.0,1,4,1.0,Makassar,Silver,App,1,15574562.0,0,0
C000571,21,11924331.0,38.5,805954.0,4,0,5.0,,Silver,App,0,9671448.0,0,0
C000572,37,12319291.0,35.4,1090286.0,2,0,4.0,Jakarta,Silver,Web,0,13083431.0,0,0
C000573,41,9769216.0,39.7,664761.0,10,3,2.0,Surabaya,Silver,App,0,7977128.0,1,1
C000574,27,7687647.0,28.8,782024.0,7,2,4.0,Jakarta,Silver,App,0,9384293.0,0,0
C000575,40,5724982.0,46.0,1013686.0,1,1,4.0,surabaya,Basic,Branch,0,12164233.0,1,1
C000576,21,2816731.0,31.2,362605.0,2,0,4.0,Jakarta,Silver,Web,0,4351255.0,0,0
C000577,54,,8.8,635665.0,6,0,4.0,Surabaya,Gold,App,0,7627976.0,0,0
C000578,53,8861983.0,30.6,1082779.0,7,4,3.0,Surabaya,Silver,App,0,12993344.0,1,1
C000579,35,10871104.0,33.1,1204737.0,3,0,4.0,Bandung,Silver,App,0,14456838.0,0,0
C000580,42,3833555.0,43.9,547748.0,5,0,3.0,Jakarta,Gold,Web,0,6572971.0,0,0
C000581,18,11406698.0,29.5,1108706.0,5,0,4.0,Surabaya,Basic,App,0,13304472.0,0,0
C000582,24,24765247.0,77.5,2500000.0,6,1,2.0,Bandung,Silver,Web,1,30000002.0,0,0
C000583,34,8352736.0,24.6,546846.0,8,2,2.0,Surabaya,Gold,App,1,6562148.0,0,0
C000584,25,7733222.0,17.9,700647.0,6,3,4.0,Surabaya,Basic,App,0,8407762.0,1,1
C000585,47,9481977.0,62.6,1041873.0,6,1,3.0,Surabaya,Basic,Web,0,12502475.0,0,0
C000586,62,,24.1,2458959.0,7,1,2.0,,Basic,Web,1,29507511.0,0,0
C000587,24,4555955.0,27.6,483905.0,4,1,4.0,Bandung,Gold,Web,0,5806855.0,1,1
C000588,28,8945990.0,33.1,1287634.0,5,1,4.0,Jakarta,Gold,App,1,15451608.0,0,0
C000589,41,,31.3,1098863.0,3,1,,Jakarta,Gold,App,1,13186359.0,0,0
C000590,57,5921495.0,39.4,688609.0,2,2,3.0,Jakarta,Basic,App,0,8263303.0,0,0
C000591,23,7784751.0,42.2,846938.0,3,0,4.0,Surabaya,Silver,App,0,10163252.0,0,0
C000592,41,16784726.0,16.6,1962403.0,6,4,4.0,Jakarta,Basic,App,1,23548839.0,0,0
C000593,60,21541609.0,10.5,1766091.0,3,2,3.0,Jakarta,Gold,App,0,21193098.0,0,0
C000594,18,10236090.0,11.6,1017884.0,2,0,4.0,Jakarta,Gold,Web,0,12214604.0,0,0
C000595,23,6503331.0,58.3,737273.0,3,4,4.0,Surabaya,Silver,Branch,0,8847272.0,0,0
C000596,33,31514505.0,22.7,3088043.0,5,3,2.0,Surabaya,Basic,Web,0,37056518.0,1,1
C000597,32,6323587.0,45.5,1655140.0,5,1,5.0,Surabaya,Gold,Web,0,19861677.0,0,0
C000598,48,5843423.0,43.0,907593.0,1,0,5.0,Surabaya,Gold,App,1,10891113.0,0,0
C000599,41,,27.6,339346.0,4,0,2.0,,Gold,Web,0,4072156.0,1,1
C000600,18,17241028.0,13.4,2444880.0,6,0,5.0,Surabaya,Basic,App,0,29338555.0,0,0
C000601,44,13625958.0,43.7,1636563.0,3,1,2.0,Jakarta,Basic,App,0,19638755.0,0,0
C000602,31,30242088.0,26.9,3046096.0,4,2,2.0,Jakarta,Basic,App,0,36553154.0,0,0
C000603,53,3725510.0,9.9,929513.0,2,5,3.0,Surabaya,Basic,App,0,11154151.0,0,0
C000604,30,17839864.0,19.0,2846125.0,6,2,4.0,Jakarta,Gold,Web,0,34153499.0,0,0
C000605,30,8314626.0,6.8,731781.0,3,3,3.0,Surabaya,Basic,App,0,8781369.0,1,1
C000606,44,12463404.0,19.7,1230498.0,4,1,3.0,Makassar,Silver,Web,0,14765973.0,0,0
C000607,47,3232204.0,28.6,702767.0,5,3,3.0,Surabaya,Gold,Branch,0,8433200.0,0,0
C000608,43,17937375.0,24.9,1614704.0,5,2,3.0,Bandung,Basic,Web,0,19376446.0,0,0
C000609,18,12329882.0,22.8,2184135.0,4,2,4.0,Surabaya,Basic,App,0,26209617.0,0,0
C000610,44,7830615.0,28.4,1053866.0,6,0,3.0,Surabaya,Silver,Web,1,12646396.0,0,0
C000611,26,11407300.0,37.9,1059874.0,6,1,3.0,Surabaya,Basic,App,0,12718493.0,0,0
C000612,41,,47.9,451294.0,2,1,2.0,Surabaya,Basic,App,0,5415523.0,1,1
C000613,21,5816795.0,52.2,1018402.0,2,1,3.0,Surabaya,Silver,App,0,12220824.0,0,0
C000614,43,,15.2,557582.0,5,1,3.0,Surabaya,Basic,App,0,6690985.0,0,0
C000615,28,2887645.0,55.5,250925.0,3,5,1.0,Bandung,Silver,App,0,3011094.0,0,0
C000616,23,12850834.0,26.9,1840197.0,7,0,2.0,,Gold,App,0,22082365.0,0,0
C000617,47,15406940.0,21.0,990375.0,6,3,4.0,Surabaya,Basic,App,0,11884500.0,0,0
C000618,41,5439582.0,11.9,1021079.0,1,1,2.0,Surabaya,Basic,Web,0,12252943.0,0,0
C000619,31,9688632.0,2.1,1018415.0,4,2,2.0,Makassar,Basic,Branch,0,12220975.0,0,0
C000620,55,,36.1,512916.0,3,4,4.0,Surabaya,Silver,Web,0,6154990.0,0,0
C000621,33,9583015.0,35.2,928779.0,3,2,4.0,Jakarta,Basic,App,1,11145344.0,0,0
C000622,38,5664814.0,17.7,681860.0,4,0,5.0,Surabaya,Basic,Web,0,8182315.0,1,1
C000623,41,4921226.0,18.1,461756.0,7,2,4.0,Surabaya,Silver,Web,0,5541073.0,0,0
C000624,31,14268905.0,24.2,1283374.0,3,1,5.0,Surabaya,Basic,App,0,15400491.0,0,0
C000625,44,7723848.0,20.7,1093358.0,3,0,4.0,Makassar,Silver,App,0,13120291.0,0,0
C000626,32,24327356.0,14.6,2158375.0,5,1,3.0,Jakarta,Gold,App,1,25900496.0,0,0
C000627,33,8206381.0,10.8,653850.0,3,3,2.0,Surabaya,Basic,App,0,7846203.0,0,0
C000628,54,4807122.0,55.9,717877.0,3,1,2.0,Jakarta,Gold,Web,0,8614524.0,0,0
C000629,26,15709396.0,18.9,1447413.0,4,3,3.0,Surabaya,Basic,App,0,17368962.0,0,0
C000630,18,11317856.0,35.0,1202628.0,2,3,2.0,Makassar,Basic,App,1,14431540.0,1,1
C000631,57,,39.8,1077900.0,2,0,3.0,Surabaya,Basic,Web,0,12934804.0,0,0
C000632,69,15398528.0,36.2,1683155.0,2,3,3.0,Bandung,Silver,Web,0,20197863.0,0,0
C000633,33,5586783.0,41.2,394343.0,4,1,5.0,Bandung,Silver,Web,1,4732113.0,0,0
C000634,18,7459230.0,36.0,486292.0,3,1,2.0,Surabaya,Silver,App,0,5835500.0,1,1
C000635,34,7280097.0,16.4,643084.0,4,1,3.0,Makassar,Basic,Web,0,7717005.0,0,0
C000636,35,3933505.0,21.6,770524.0,2,1,,Makassar,Gold,App,1,9246284.0,0,0
C000637,36,6920354.0,55.0,751957.0,2,0,3.0,Bandung,Basic,Web,0,9023485.0,0,0
C000638,25,16684001.0,18.5,1339487.0,5,1,4.0,Surabaya,Silver,Branch,0,16073845.0,0,0
C000639,45,9115511.0,27.0,1800648.0,5,1,3.0,Jakarta,Basic,Web,0,21607775.0,0,0
C000640,44,3815638.0,38.0,467577.0,9,3,3.0,Surabaya,Basic,App,0,5610918.0,0,0
C000641,20,3399845.0,68.0,667930.0,2,1,3.0,Makassar,Basic,Branch,0,8015161.0,1,1
C000642,46,19986726.0,51.8,1967616.0,3,2,4.0,Surabaya,Basic,App,0,23611391.0,1,1
C000643,63,7612306.0,13.0,726810.0,4,1,3.0,Jakarta,Basic,App,0,8721719.0,0,0
C000644,40,5603357.0,34.3,788076.0,5,1,4.0,Bandung,Basic,Web,0,9456912.0,0,0
C000645,34,6880877.0,31.7,635772.0,5,1,3.0,Makassar,Gold,App,0,7629265.0,0,0
C000646,36,,21.7,480927.0,4,1,4.0,Bandung,Gold,App,0,5771127.0,0,0
C000647,45,17499002.0,27.5,3034025.0,4,2,3.0,Bandung,Gold,App,1,36408297.0,0,0
C000648,18,6444728.0,16.3,882706.0,3,1,4.0,Jakarta,Basic,App,1,10592475.0,0,0
C000649,40,101826648.0,23.9,1807536.0,0,2,5.0,Jakarta,Basic,App,0,21690427.0,0,0
C000650,33,,18.6,781812.0,4,1,3.0,Surabaya,Basic,Web,0,9381739.0,0,0
C000651,60,105366378.0,29.0,1275797.0,5,2,3.0,Makassar,Silver,Web,0,15309559.0,0,0
C000652,36,9213074.0,21.1,1457313.0,4,4,2.0,Surabaya,Gold,Branch,1,17487757.0,0,0
C000653,58,12790715.0,71.3,823806.0,6,4,2.0,Bandung,Basic,Branch,0,9885670.0,1,1
C000654,25,11881027.0,29.7,814209.0,6,0,3.0,Surabaya,Silver,Branch,0,9770506.0,0,0
C000655,45,11271209.0,25.8,911912.0,2,1,3.0,Surabaya,Basic,App,0,10942941.0,0,0
C000656,42,9687201.0,23.0,1340346.0,6,1,3.0,Surabaya,Silver,App,1,16084157.0,0,0
C000657,28,7038349.0,21.2,596393.0,8,2,2.0,Makassar,Gold,Web,1,7156717.0,0,0
C000658,40,22941113.0,10.0,2560761.0,3,2,1.0,Surabaya,Silver,Branch,0,30729137.0,0,0
C000659,53,4857997.0,45.5,533711.0,5,1,5.0,Jakarta,Silver,Web,0,6404530.0,0,0
C000660,34,8018976.0,62.7,1107992.0,2,1,5.0,Surabaya,Basic,Web,0,13295910.0,0,0
C000661,18,8065767.0,18.4,710971.0,3,0,4.0,Surabaya,Basic,Web,0,8531653.0,0,0
C000662,38,9982005.0,54.8,1240077.0,4,1,3.0,Jakarta,Basic,App,0,14880927.0,1,1
C000663,27,6316919.0,108.8,937330.0,1,1,2.0,Surabaya,Silver,App,0,11247962.0,1,1
C000664,34,9511980.0,84.9,1090900.0,5,1,2.0,Jakarta,Silver,App,0,13090794.0,0,0
C000665,37,7290544.0,60.9,709091.0,3,0,4.0,Bandung,Basic,Web,0,8509093.0,1,1
C000666,18,3351365.0,11.0,642433.0,0,1,4.0,Bandung,Basic,App,0,7709195.0,1,1
C000667,19,8042141.0,10.9,1303892.0,2,4,3.0,Jakarta,Basic,App,0,15646700.0,0,0
C000668,44,4367237.0,41.1,696276.0,2,0,4.0,Surabaya,Basic,App,0,8355313.0,0,0
C000669,32,3081848.0,27.1,660302.0,1,2,4.0,Jakarta,Basic,App,0,7923623.0,0,0
C000670,18,,4.3,778009.0,3,5,2.0,Jakarta,Gold,App,0,9336112.0,0,0
C000671,47,10462290.0,20.0,1190101.0,9,0,5.0,Bandung,Basic,Web,1,14281215.0,0,0
C000672,41,10688041.0,39.9,1304840.0,0,1,4.0,Jakarta,Gold,Branch,0,15658084.0,0,0
C000673,29,10928624.0,24.2,1038049.0,2,2,2.0,Jakarta,Basic,App,0,12456587.0,1,1
C000674,22,2763554.0,27.2,444205.0,3,0,4.0,Jakarta,Basic,App,1,5330463.0,0,0
C000675,48,3784381.0,10.9,325628.0,5,3,3.0,,Silver,App,0,3907536.0,0,0
C000676,42,23685862.0,19.8,2778613.0,2,0,3.0,Jakarta,Basic,App,0,33343361.0,0,0
C000677,67,4497298.0,41.2,713161.0,5,1,4.0,Surabaya,Gold,Web,0,8557931.0,0,0
C000678,43,11194293.0,19.1,1256284.0,3,1,4.0,Bandung,Silver,Web,0,15075407.0,0,0
C000679,43,5482854.0,57.6,657127.0,6,2,4.0,Jakarta,Basic,App,0,7885528.0,0,0
C000680,36,8358354.0,27.7,568559.0,4,1,3.0,Jakarta,Gold,Web,0,6822711.0,0,0
C000681,48,5647154.0,36.0,1047600.0,6,1,4.0,Surabaya,Basic,Web,0,12571201.0,0,0
C000682,46,10894839.0,40.6,1456374.0,3,1,2.0,Surabaya,Basic,App,0,17476482.0,0,0
C000683,53,8625020.0,39.5,775742.0,1,2,3.0,Bandung,Gold,Branch,0,9308900.0,0,0
C000684,32,6251880.0,12.7,1099281.0,0,2,3.0,Surabaya,Basic,App,0,13191372.0,0,0
C000685,33,4489974.0,14.6,1034580.0,7,0,4.0,Surabaya,Silver,App,1,12414962.0,1,1
C000686,32,9269388.0,4.2,626648.0,5,2,,Jakarta,Basic,App,0,7519779.0,0,0
C000687,47,4105987.0,21.5,409260.0,3,4,2.0,Surabaya,Gold,App,0,4911122.0,0,0
C000688,56,10120430.0,13.7,1192284.0,3,3,4.0,Jakarta,Basic,App,0,14307412.0,0,0
C000689,32,33920116.0,18.7,4488638.0,7,1,3.0,,Basic,App,1,53863659.0,1,1
C000690,33,16811027.0,23.2,1661683.0,5,0,3.0,,Gold,App,1,19940192.0,1,1
C000691,42,11876158.0,30.2,943630.0,4,0,2.0,Makassar,Silver,Web,0,11323555.0,1,1
C000692,35,7632058.0,24.4,646393.0,2,0,3.0,Jakarta,Silver,App,0,7756717.0,0,0
C000693,49,2754202.0,24.1,405382.0,3,1,3.0,Makassar,Basic,App,0,4864589.0,0,0
C000694,18,3865859.0,34.1,695635.0,2,3,3.0,Surabaya,Silver,Web,0,8347618.0,0,0
C000695,28,16199455.0,26.4,1260226.0,6,1,4.0,Bandung,Basic,Web,0,15122716.0,0,0
C000696,29,5181402.0,47.6,384547.0,0,1,2.0,Surabaya,Basic,Web,0,4614558.0,0,0
C000697,18,5445845.0,26.5,841389.0,3,5,2.0,Surabaya,Basic,App,0,10096666.0,1,1
C000698,26,7303355.0,68.3,1786966.0,3,2,2.0,Surabaya,Basic,Branch,0,21443596.0,0,0
C000699,27,4460746.0,12.3,756845.0,4,1,3.0,Surabaya,Basic,App,1,9082142.0,0,0
C000700,36,4074381.0,21.2,874118.0,3,1,2.0,Makassar,Silver,Web,1,10489418.0,0,0
C000701,51,7780968.0,16.5,1094486.0,3,2,5.0,Jakarta,Basic,App,0,13133837.0,0,0
C000702,35,4899339.0,31.0,785365.0,4,2,4.0,Jakarta,Basic,Branch,1,9424381.0,0,0
C000703,26,5322171.0,12.3,706928.0,0,4,4.0,Jakarta,Silver,App,1,8483138.0,0,0
C000704,37,5205868.0,8.1,550630.0,6,0,2.0,Surabaya,Basic,Branch,1,6607564.0,0,0
C000705,51,10662572.0,14.2,899835.0,2,3,3.0,Makassar,Basic,Branch,0,10798014.0,0,0
C000706,26,7041156.0,8.6,924639.0,5,0,3.0,Jakarta,Basic,App,0,11095670.0,0,0
C000707,27,7251635.0,23.4,614281.0,4,3,5.0,Surabaya,Basic,App,0,7371373.0,0,0
C000708,45,11109069.0,30.2,776367.0,6,1,4.0,Surabaya,Silver,App,0,9316407.0,0,0
C000709,35,7398814.0,7.1,547466.0,5,1,2.0,Surabaya,Basic,App,0,6569596.0,1,1
C000710,46,6864766.0,20.3,795999.0,3,4,3.0,Jakarta,Basic,App,0,9551986.0,0,0
C000711,38,,51.7,782481.0,5,2,2.0,Jakarta,Basic,App,0,9389768.0,0,0
C000712,46,11553060.0,61.4,1510878.0,4,2,3.0,Makassar,Basic,App,0,18130535.0,0,0
C000713,26,7378358.0,43.3,532844.0,9,1,3.0,Makassar,Basic,App,0,6394122.0,0,0
C000714,38,8362654.0,2.7,1044921.0,5,1,4.0,Surabaya,Basic,App,0,12539055.0,1,1
C000715,35,5204153.0,28.3,591966.0,4,4,3.0,Surabaya,Basic,App,0,7103596.0,0,0
C000716,23,4983168.0,55.6,620987.0,3,2,3.0,Bandung,Silver,App,0,7451839.0,0,0
C000717,19,12212654.0,18.8,1741557.0,2,1,3.0,Jakarta,Basic,App,0,20898679.0,0,0
C000718,46,,10.1,1170631.0,7,2,1.0,Surabaya,Basic,App,0,14047571.0,0,0
C000719,34,10276458.0,53.0,987776.0,3,1,5.0,Jakarta,Silver,Web,0,11853313.0,0,0
C000720,26,9336313.0,58.0,1451420.0,3,0,3.0,Surabaya,Basic,Web,0,17417045.0,0,0
C000721,37,8205899.0,26.3,974704.0,2,4,3.0,Jakarta,Basic,Branch,1,11696448.0,1,1
C000722,52,11733736.0,10.2,1179532.0,4,2,5.0,Makassar,Gold,App,0,14154385.0,0,0
C000723,18,13379870.0,6.3,1385186.0,6,0,3.0,Jakarta,Basic,App,1,16622237.0,0,0
C000724,20,13205283.0,33.2,1226948.0,1,0,4.0,Surabaya,Silver,App,1,14723372.0,0,0
C000725,27,7568642.0,16.6,491000.0,5,3,3.0,Surabaya,Silver,App,1,5892003.0,0,0
C000726,56,17154963.0,25.1,1655770.0,2,1,4.0,Makassar,Basic,Branch,0,19869235.0,0,0
C000727,41,9071113.0,23.3,959297.0,5,3,3.0,Jakarta,Basic,Web,0,11511561.0,1,1
C000728,47,11327670.0,13.6,1138734.0,6,1,4.0,Jakarta,Silver,Branch,1,13664807.0,0,0
C000729,24,,6.0,735593.0,1,1,3.0,Surabaya,Basic,Branch,0,8827112.0,0,0
C000730,25,9164114.0,19.2,1075917.0,3,1,4.0,Makassar,Basic,App,0,12911009.0,0,0
C000731,43,5337610.0,29.1,633349.0,3,2,3.0,Surabaya,Gold,App,0,7600191.0,0,0
C000732,39,11765653.0,30.0,1334527.0,5,2,3.0,Makassar,Basic,App,0,16014325.0,0,0
C000733,45,38258029.0,15.8,2822442.0,7,3,,Surabaya,Silver,Web,0,33869301.0,0,0
C000734,36,6509771.0,57.2,841160.0,6,2,2.0,Surabaya,Basic,Web,0,10093921.0,1,1
C000735,41,8318556.0,11.0,750166.0,8,0,3.0,Surabaya,Silver,App,0,9001996.0,0,0
C000736,40,,49.2,1343766.0,2,3,2.0,Surabaya,Basic,Branch,0,16125197.0,1,1
C000737,47,6116748.0,28.5,597873.0,2,2,3.0,Makassar,Silver,Web,0,7174480.0,0,0
C000738,48,18706831.0,19.3,1489004.0,1,0,,Surabaya,Basic,Branch,0,17868053.0,1,1
C000739,19,5525134.0,36.1,731584.0,10,4,3.0,Bandung,Basic,App,1,8779007.0,0,0
C000740,18,6163823.0,22.3,514873.0,7,1,4.0,Bandung,Silver,Web,0,6178476.0,0,0
C000741,50,3341168.0,8.0,450282.0,2,2,2.0,Surabaya,Gold,Web,0,5403380.0,0,0
C000742,52,5273821.0,10.4,1054437.0,4,2,3.0,Jakarta,Basic,App,0,12653248.0,0,0
C000743,26,3126211.0,21.3,587959.0,7,1,3.0,Bandung,Basic,App,0,7055513.0,0,0
C000744,18,11324111.0,17.5,1305991.0,1,2,4.0,Jakarta,Silver,App,0,15671895.0,0,0
C000745,39,37310508.0,48.4,2160126.0,4,1,5.0,Surabaya,Basic,App,0,25921512.0,0,0
C000746,49,6538895.0,16.9,872203.0,8,4,2.0,Bandung,Gold,Web,0,10466438.0,0,0
C000747,60,3198637.0,16.1,362301.0,0,1,3.0,Jakarta,Basic,Branch,0,4347614.0,0,0
C000748,44,13123983.0,14.6,1961488.0,3,1,4.0,Makassar,Basic,Branch,0,23537852.0,1,1
C000749,34,5363586.0,13.6,660696.0,5,0,3.0,Jakarta,Basic,App,1,7928358.0,0,0
C000750,27,16347621.0,14.0,1250518.0,4,5,2.0,Surabaya,Basic,Web,0,15006221.0,1,1
C000751,38,6850527.0,9.1,706932.0,7,0,2.0,Surabaya,Silver,App,1,8483184.0,0,0
C000752,34,5651624.0,29.3,958010.0,5,2,3.0,Bandung,Basic,App,0,11496124.0,0,0
C000753,26,7254086.0,23.7,836842.0,2,1,5.0,Makassar,Gold,Web,1,10042109.0,0,0
C000754,63,12136516.0,23.0,1528850.0,4,0,4.0,Surabaya,Basic,Branch,0,18346199.0,0,0
C000755,59,7059401.0,6.6,836390.0,3,2,4.0,Surabaya,Silver,Branch,0,10036685.0,0,0
C000756,52,6087533.0,34.0,923414.0,4,0,4.0,Surabaya,Silver,App,0,11080963.0,0,0
C000757,27,7171280.0,36.3,920222.0,4,2,4.0,Surabaya,Basic,Web,0,11042665.0,0,0
C000758,48,3974588.0,66.2,1325009.0,6,2,3.0,Surabaya,Gold,App,0,15900114.0,0,0
C000759,46,9952352.0,35.0,1093639.0,2,1,4.0,Surabaya,Basic,Web,0,13123662.0,0,0
C000760,43,2994394.0,74.7,593531.0,4,1,5.0,Surabaya,Silver,App,0,7122372.0,0,0
C000761,53,6266229.0,15.5,595710.0,3,1,3.0,Surabaya,Basic,App,0,7148519.0,1,1
C000762,46,12147257.0,68.5,1340920.0,8,1,2.0,Makassar,Basic,Branch,0,16091037.0,0,0
C000763,47,9450977.0,35.8,1047964.0,5,3,2.0,Surabaya,Basic,App,0,12575568.0,0,0
C000764,46,11068662.0,32.9,1133154.0,6,2,4.0,Jakarta,Basic,Branch,0,13597844.0,0,0
C000765,42,7718858.0,22.6,738062.0,12,0,2.0,Surabaya,Gold,App,0,8856738.0,0,0
C000766,18,15222916.0,19.3,1246968.0,5,2,2.0,Jakarta,Silver,Web,1,14963618.0,1,1
C000767,39,13303486.0,16.4,1059161.0,3,2,3.0,Makassar,Gold,Branch,0,12709931.0,0,0
C000768,31,10224830.0,70.0,1055869.0,3,2,3.0,Surabaya,Silver,App,0,12670424.0,0,0
C000769,23,,22.1,1460628.0,5,3,4.0,Bandung,Silver,App,0,17527538.0,0,0
C000770,58,12087532.0,36.2,1171328.0,1,3,3.0,Surabaya,Gold,Web,0,14055932.0,0,0
C000771,59,6282303.0,41.5,1284549.0,4,0,3.0,Surabaya,Basic,App,0,15414585.0,0,0
C000772,54,3820178.0,41.2,668856.0,4,2,5.0,Surabaya,Gold,App,1,8026277.0,0,0
C000773,41,10080882.0,29.4,1012892.0,2,2,3.0,Surabaya,Basic,App,1,12154699.0,0,0
C000774,54,,67.7,636258.0,0,3,1.0,Surabaya,Silver,App,0,7635091.0,0,0
C000775,38,14573446.0,34.4,2205411.0,5,0,3.0,Jakarta,Basic,App,0,26464934.0,0,0
C000776,40,4780116.0,16.1,787404.0,3,1,2.0,Surabaya,Basic,App,0,9448852.0,0,0
C000777,25,4859349.0,19.9,763623.0,6,2,2.0,Bandung,Basic,App,1,9163479.0,0,0
C000778,43,10302501.0,7.0,1081677.0,3,3,,Surabaya,Gold,Branch,0,12980124.0,0,0
C000779,39,7692914.0,31.6,862288.0,2,0,1.0,Surabaya,Silver,App,1,10347450.0,1,1
C000780,22,2835654.0,38.2,946552.0,2,2,4.0,Surabaya,Basic,App,0,11358625.0,0,0
C000781,37,9833068.0,40.4,636713.0,1,1,4.0,Jakarta,Gold,Web,0,7640555.0,0,0
C000782,37,2888129.0,35.8,285596.0,1,0,3.0,Bandung,Gold,Web,1,3427151.0,0,0
C000783,60,4756682.0,22.6,657720.0,1,1,4.0,Bandung,Silver,App,0,7892641.0,0,0
C000784,49,16825007.0,25.7,1833542.0,6,1,2.0,,Basic,App,0,22002506.0,0,0
C000785,38,,25.8,1853719.0,1,2,2.0,Makassar,Basic,App,0,22244627.0,1,1
C000786,41,4099359.0,48.5,623093.0,8,0,4.0,Surabaya,Gold,Branch,0,7477116.0,0,0
C000787,39,6674379.0,4.7,648917.0,7,0,3.0,Makassar,Basic,Branch,0,7787009.0,0,0
C000788,36,8189755.0,18.3,579075.0,4,0,3.0,Surabaya,Basic,App,0,6948905.0,1,1
C000789,25,21308719.0,11.6,1958597.0,1,1,3.0,Surabaya,Basic,App,0,23503164.0,0,0
C000790,36,6100457.0,85.1,709492.0,3,3,4.0,Surabaya,Silver,Web,0,8513907.0,1,1
C000791,29,6154326.0,54.8,765558.0,3,4,4.0,Jakarta,Basic,Web,0,9186695.0,1,1
C000792,23,18750878.0,18.9,1800125.0,2,0,4.0,Surabaya,Gold,App,0,21601501.0,0,0
C000793,44,6509792.0,8.3,1127735.0,2,3,3.0,Surabaya,Silver,Branch,1,13532819.0,0,0
C000794,43,11901358.0,10.4,1297810.0,5,0,4.0,Surabaya,Gold,Web,1,15573724.0,0,0
C000795,18,3550232.0,48.1,361388.0,3,2,2.0,Surabaya,Basic,App,0,4336651.0,0,0
C000796,37,7280966.0,6.8,596992.0,5,2,4.0,Jakarta,Basic,App,0,7163906.0,0,0
C000797,50,3211260.0,26.0,441067.0,2,2,4.0,Makassar,Silver,App,0,5292805.0,0,0
C000798,51,4476999.0,43.2,460267.0,4,1,5.0,Makassar,Gold,Web,0,5523206.0,0,0
C000799,50,12692386.0,9.6,829143.0,2,1,3.0,Jakarta,Basic,App,0,9949717.0,0,0
C000800,38,7783402.0,25.8,831202.0,4,5,2.0,Jakarta,Basic,Web,0,9974422.0,1,1
C000801,28,6712244.0,19.1,778979.0,3,3,3.0,Jakarta,Silver,Branch,1,9347751.0,0,0
C000802,25,5299589.0,17.3,389374.0,3,0,3.0,Bandung,Silver,Web,0,4672491.0,0,0
C000803,42,7085714.0,15.2,723094.0,6,0,4.0,,Basic,App,0,8677123.0,0,0
C000804,43,9440923.0,45.5,1406317.0,4,0,5.0,Jakarta,Basic,App,0,16875807.0,0,0
C000805,53,13736348.0,62.2,1396829.0,5,0,5.0,Surabaya,Basic,App,1,16761952.0,0,0
C000806,51,1888175.0,21.4,666359.0,2,2,,Bandung,Basic,App,0,7996303.0,0,0
C000807,36,5063069.0,33.0,578665.0,5,0,4.0,Jakarta,Basic,Web,0,6943983.0,0,0
C000808,23,8731564.0,26.2,1087036.0,9,1,3.0,Surabaya,Silver,App,0,13044432.0,0,0
C000809,34,7576617.0,5.3,1012623.0,8,0,4.0,Jakarta,Basic,App,0,12151479.0,1,1
C000810,41,9987142.0,20.8,742435.0,4,2,3.0,Surabaya,Basic,Web,0,8909218.0,0,0
C000811,36,9268195.0,4.3,922200.0,2,0,4.0,Surabaya,Basic,App,0,11066403.0,0,0
C000812,31,6765013.0,18.0,1178274.0,7,2,5.0,Jakarta,Basic,Branch,0,14139288.0,1,1
C000813,41,5987490.0,25.3,588210.0,2,1,2.0,Jakarta,Silver,Web,0,7058514.0,0,0
C000814,32,6989547.0,41.0,1203180.0,4,3,3.0,Makassar,Silver,App,1,14438157.0,1,1
C000815,30,15048071.0,31.0,1483766.0,7,0,4.0,Makassar,Silver,Branch,0,17805191.0,0,0
C000816,42,5348612.0,46.3,607673.0,3,0,4.0,Surabaya,Basic,App,0,7292080.0,1,1
C000817,33,7728369.0,13.3,1026836.0,3,0,3.0,Surabaya,Basic,App,0,12322033.0,1,1
C000818,41,8848781.0,57.3,925603.0,9,1,3.0,Surabaya,Silver,App,0,11107232.0,0,0
C000819,41,18871155.0,62.2,1012784.0,3,3,2.0,Makassar,Basic,App,0,12153406.0,1,1
C000820,24,6782000.0,4.1,927573.0,6,3,1.0,Surabaya,Basic,Web,0,11130875.0,1,1
C000821,32,13555403.0,6.4,1350410.0,6,2,4.0,,Silver,Branch,0,16204919.0,0,0
C000822,55,15752990.0,24.9,1669985.0,6,1,2.0,Jakarta,Basic,Web,0,20039818.0,0,0
C000823,24,7724342.0,17.0,1084755.0,7,7,1.0,Surabaya,Basic,App,0,13017059.0,1,1
C000824,18,7124547.0,19.0,1031310.0,2,1,4.0,Jakarta,Basic,App,0,12375715.0,1,1
C000825,18,6675620.0,30.8,1601601.0,1,2,3.0,Bandung,Basic,App,1,19219218.0,0,0
C000826,38,6949980.0,47.4,809680.0,6,2,3.0,Jakarta,Gold,App,0,9716161.0,0,0
C000827,38,,12.8,1853854.0,2,2,3.0,Surabaya,Silver,Branch,1,22246243.0,0,0
C000828,37,9083840.0,52.6,1117322.0,6,2,4.0,Surabaya,Basic,App,0,13407860.0,0,0
C000829,53,9105247.0,15.0,1797340.0,6,0,3.0,Surabaya,Basic,App,0,21568082.0,0,0
C000830,18,4308409.0,92.3,643051.0,3,1,4.0,Surabaya,Basic,Web,0,7716614.0,0,0
C000831,43,4698870.0,57.6,734612.0,2,1,2.0,Surabaya,Silver,Web,0,8815346.0,1,1
C000832,57,26006260.0,16.2,2996928.0,2,2,3.0,Surabaya,Silver,Branch,0,35963135.0,0,0
C000833,24,7254612.0,8.5,1057770.0,5,0,4.0,Jakarta,Basic,Branch,0,12693242.0,0,0
C000834,33,5224280.0,15.9,550216.0,2,0,5.0,Surabaya,Gold,App,0,6602595.0,0,0
C000835,29,17576206.0,14.3,1747381.0,4,1,2.0,Surabaya,Silver,Branch,1,20968574.0,0,0
C000836,27,9341214.0,37.7,1022852.0,4,0,3.0,Surabaya,Silver,Branch,0,12274220.0,0,0
C000837,34,10994847.0,4.2,1049388.0,4,3,4.0,Surabaya,Gold,Branch,0,12592662.0,0,0
C000838,55,7415079.0,6.5,610714.0,5,2,4.0,Jakarta,Basic,Branch,0,7328573.0,1,1
C000839,60,6713842.0,37.0,374462.0,4,4,2.0,Surabaya,Basic,Web,0,4493548.0,1,1
C000840,34,7287562.0,13.8,1277674.0,3,1,3.0,Jakarta,Basic,App,1,15332085.0,0,0
C000841,61,,18.1,668659.0,5,1,4.0,Jakarta,Basic,Branch,0,8023906.0,0,0
C000842,38,7622325.0,43.0,1242836.0,5,1,3.0,Jakarta,Basic,App,0,14914028.0,0,0
C000843,59,,48.8,1011222.0,9,3,3.0,Makassar,Gold,Branch,0,12134666.0,0,0
C000844,37,22135802.0,55.8,2411511.0,6,2,4.0,Bandung,Gold,App,0,28938127.0,0,0
C000845,40,8387488.0,40.7,530523.0,3,6,1.0,Jakarta,Basic,App,0,6366275.0,0,0
C000846,42,2215868.0,22.1,725893.0,3,2,3.0,bandung,Silver,Web,0,8710717.0,0,0
C000847,75,7596971.0,20.8,1005209.0,6,0,3.0,Makassar,Basic,App,0,12062509.0,0,0
C000848,48,36095522.0,19.0,4515049.0,6,3,3.0,,Basic,App,0,54180590.0,0,0
C000849,30,12883443.0,9.6,1215922.0,5,1,,Jakarta,Basic,Web,0,14591060.0,0,0
C000850,50,5121527.0,12.4,774926.0,6,1,4.0,Bandung,Silver,App,0,9299111.0,0,0
C000851,34,11073447.0,51.2,1436823.0,5,3,2.0,Surabaya,Silver,Web,0,17241872.0,0,0
C000852,32,5319260.0,14.9,1099728.0,3,3,4.0,Makassar,Silver,Branch,0,13196731.0,1,1
C000853,49,3799416.0,9.7,1056064.0,1,2,3.0,Surabaya,Gold,App,1,12672768.0,0,0
C000854,38,6605076.0,54.0,1006349.0,4,1,,Surabaya,Basic,Web,0,12076186.0,0,0
C000855,41,8413025.0,29.5,863866.0,8,3,4.0,Surabaya,Basic,App,0,10366390.0,1,1
C000856,38,2856954.0,70.9,442661.0,5,1,2.0,Bandung,Basic,Web,0,5311938.0,0,0
C000857,42,4252062.0,66.2,992229.0,4,3,2.0,Surabaya,Gold,App,0,11906753.0,1,1
C000858,43,8045606.0,10.4,887001.0,5,0,3.0,Jakarta,Basic,App,1,10644016.0,0,0
C000859,18,6391355.0,23.7,1552939.0,9,1,4.0,Jakarta,Basic,Branch,0,18635263.0,1,1
C000860,46,9940206.0,11.6,1058413.0,4,0,4.0,Surabaya,Gold,App,0,12700954.0,0,0
C000861,26,4101587.0,11.5,1055211.0,3,1,3.0,Bandung,Basic,Web,1,12662530.0,0,0
C000862,21,11848533.0,18.6,1042958.0,6,0,3.0,Surabaya,Basic,App,0,12515498.0,0,0
C000863,37,4171910.0,38.4,383757.0,2,3,4.0,Jakarta,Basic,Branch,0,4605089.0,0,0
C000864,39,19745891.0,38.6,2464132.0,7,4,2.0,Bandung,Basic,Web,0,29569583.0,0,0
C000865,30,3113584.0,35.5,761902.0,2,2,4.0,Surabaya,Silver,Web,1,9142823.0,0,0
C000866,48,,22.0,975545.0,2,0,4.0,Surabaya,Gold,App,0,11706536.0,0,0
C000867,22,10064310.0,39.9,921725.0,5,4,,Surabaya,Basic,Web,0,11060695.0,1,1
C000868,33,19980760.0,9.5,1683648.0,5,2,4.0,Jakarta,Silver,App,1,20203779.0,0,0
C000869,31,,29.9,1027325.0,4,1,5.0,Bandung,Basic,Web,0,12327899.0,0,0
C000870,37,10902732.0,25.9,950970.0,5,2,,Surabaya,Silver,Branch,0,11411642.0,0,0
C000871,41,8077536.0,21.1,1374552.0,4,1,3.0,Surabaya,Basic,Web,0,16494624.0,0,0
C000872,26,4549068.0,30.7,799161.0,7,0,5.0,Jakarta,Basic,App,0,9589931.0,0,0
C000873,47,6109625.0,3.8,464603.0,4,2,4.0,Jakarta,Basic,Branch,1,5575238.0,0,0
C000874,39,4107815.0,11.8,641857.0,4,2,3.0,Surabaya,Gold,Web,0,7702281.0,0,0
C000875,18,3959632.0,36.4,359879.0,10,2,4.0,surabaya,Basic,Web,0,4318546.0,0,0
C000876,18,9978207.0,25.4,1040081.0,6,1,4.0,Surabaya,Basic,Branch,0,12480974.0,0,0
C000877,38,4313259.0,7.1,375803.0,3,3,5.0,Surabaya,Basic,App,0,4509641.0,1,1
C000878,35,9537165.0,25.0,1307310.0,4,3,3.0,Jakarta,Gold,App,0,15687719.0,0,0
C000879,37,3909615.0,17.1,231168.0,4,0,5.0,Jakarta,Basic,App,0,2774018.0,0,0
C000880,38,9416394.0,52.1,1165072.0,7,5,3.0,Bandung,Gold,Web,1,13980860.0,0,0
C000881,41,6114519.0,10.1,969881.0,3,4,3.0,Jakarta,Basic,App,0,11638570.0,0,0
C000882,49,17341112.0,10.5,1861287.0,0,2,3.0,Surabaya,Basic,Web,0,22335445.0,0,0
C000883,25,9559036.0,33.3,978809.0,3,1,3.0,Surabaya,Basic,App,0,11745707.0,0,0
C000884,24,15785979.0,22.7,1752241.0,2,0,4.0,Bandung,Basic,Web,0,21026892.0,0,0
C000885,25,5279524.0,21.9,515100.0,5,0,3.0,Jakarta,Basic,App,0,6181201.0,0,0
C000886,41,8250884.0,92.6,705389.0,4,2,3.0,Bandung,Basic,App,0,8464662.0,0,0
C000887,53,4663861.0,39.3,581415.0,5,1,3.0,Surabaya,Basic,App,0,6976985.0,0,0
C000888,33,6372288.0,19.9,1021341.0,6,3,4.0,Surabaya,Basic,Web,0,12256092.0,0,0
C000889,18,6926012.0,6.3,674526.0,2,3,3.0,Bandung,Silver,App,0,8094318.0,0,0
C000890,18,5366734.0,19.1,733151.0,4,4,3.0,Surabaya,Basic,Web,0,8797815.0,0,0
C000891,28,4099705.0,9.3,708234.0,3,1,2.0,Surabaya,Basic,App,0,8498806.0,1,1
C000892,31,3676668.0,12.4,792225.0,6,5,4.0,Jakarta,Gold,Web,0,9506695.0,1,1
C000893,33,2209089.0,12.8,455589.0,4,3,4.0,Jakarta,Silver,App,0,5467063.0,0,0
C000894,38,4474752.0,49.4,576180.0,2,0,5.0,Surabaya,Silver,App,0,6914165.0,0,0
C000895,34,11297294.0,7.7,730568.0,5,1,2.0,Jakarta,Basic,Branch,0,8766814.0,0,0
C000896,51,3321005.0,46.3,523227.0,3,1,4.0,Surabaya,Silver,Branch,0,6278724.0,0,0
C000897,30,3769619.0,34.4,549684.0,7,2,2.0,Bandung,Basic,App,1,6596203.0,0,0
C000898,28,21422371.0,34.0,1473079.0,1,1,4.0,Bandung,Basic,App,0,17676950.0,0,0
C000899,44,5637094.0,12.0,1212831.0,5,1,4.0,Jakarta,Basic,Web,0,14553978.0,0,0
C000900,20,9544994.0,42.3,702456.0,3,1,4.0,Surabaya,Gold,Branch,0,8429476.0,0,0
C000901,43,11389774.0,10.9,927967.0,5,2,2.0,Jakarta,Basic,App,0,11135606.0,0,0
C000902,39,11517077.0,62.9,992945.0,6,1,2.0,Bandung,Basic,Web,0,11915338.0,1,1
C000903,36,3463116.0,50.2,627453.0,4,2,3.0,Surabaya,Basic,App,0,7529431.0,0,0
C000904,57,7045286.0,69.8,777987.0,6,4,3.0,Surabaya,Basic,App,0,9335844.0,0,0
C000905,31,3285164.0,26.0,360905.0,4,0,3.0,Makassar,Basic,App,0,4330864.0,1,1
C000906,63,30720075.0,22.7,2063839.0,0,2,3.0,Bandung,Basic,Web,0,24766069.0,0,0
C000907,35,3327629.0,18.7,569988.0,2,0,3.0,Makassar,Silver,Web,0,6839860.0,0,0
C000908,23,4495736.0,91.4,569852.0,2,2,3.0,Surabaya,Basic,Web,0,6838225.0,0,0
C000909,39,4513672.0,38.2,880951.0,4,1,,Surabaya,Silver,App,1,10571408.0,0,0
C000910,25,3512325.0,9.4,291084.0,5,2,3.0,Surabaya,Basic,App,0,3493004.0,1,1
C000911,29,16833454.0,58.3,1320341.0,3,1,4.0,Jakarta,Basic,App,0,15844089.0,0,0
C000912,43,30319404.0,22.0,3195083.0,12,3,3.0,Bandung,Basic,App,0,38340993.0,1,1
C000913,45,6158169.0,1.9,1055508.0,5,1,3.0,Surabaya,Basic,App,0,12666096.0,1,1
C000914,31,3869823.0,14.2,535842.0,3,0,5.0,Surabaya,Basic,Web,0,6430103.0,0,0
C000915,50,2337618.0,50.2,207564.0,4,3,3.0,Bandung,Basic,App,1,2490764.0,0,0
C000916,52,6994903.0,34.5,596775.0,6,1,4.0,Surabaya,Basic,Branch,0,7161298.0,0,0
C000917,55,6722369.0,39.1,760284.0,5,2,4.0,Surabaya,Silver,Web,1,9123405.0,0,0
C000918,44,5591394.0,57.9,770853.0,6,4,3.0,Makassar,Gold,App,0,9250239.0,0,0
C000919,54,9035831.0,5.3,1199503.0,4,0,2.0,Jakarta,Basic,Branch,0,14394034.0,0,0
C000920,18,9942185.0,14.4,1012359.0,6,2,3.0,Bandung,Basic,App,0,12148302.0,0,0
C000921,34,9555695.0,26.4,356973.0,4,0,5.0,Makassar,Basic,App,0,4283680.0,1,1
C000922,28,6723258.0,51.1,995299.0,2,0,5.0,Bandung,Silver,Web,0,11943592.0,0,0
C000923,39,4364700.0,10.8,910889.0,1,1,3.0,Surabaya,Basic,Branch,0,10930668.0,1,1
C000924,31,11538044.0,19.8,910629.0,4,1,4.0,Jakarta,Basic,App,0,10927552.0,0,0
C000925,36,8055250.0,25.2,1201395.0,7,2,3.0,Jakarta,Silver,App,0,14416741.0,0,0
C000926,61,13040217.0,13.8,1024128.0,3,2,,Makassar,Silver,Web,0,12289534.0,0,0
C000927,36,12354039.0,25.0,1295692.0,2,1,3.0,Surabaya,Basic,App,0,15548302.0,0,0
C000928,43,3660034.0,22.6,585299.0,4,1,3.0,Jakarta,Silver,Branch,0,7023593.0,0,0
C000929,35,3635037.0,16.8,529508.0,6,1,3.0,Bandung,Basic,App,0,6354096.0,0,0
C000930,39,5279831.0,42.3,877620.0,6,2,5.0,Surabaya,Basic,Branch,0,10531440.0,0,0
C000931,38,4474952.0,37.4,1164259.0,7,0,3.0,Jakarta,Silver,App,1,13971102.0,0,0
C000932,43,12119673.0,43.5,1288805.0,3,1,4.0,Surabaya,Silver,Branch,0,15465660.0,0,0
C000933,52,9705200.0,46.0,949402.0,1,4,2.0,Surabaya,Basic,Web,0,11392826.0,1,1
C000934,58,14643444.0,67.4,1372782.0,4,4,2.0,Surabaya,Basic,Branch,0,16473387.0,1,1
C000935,42,9949371.0,6.8,1192536.0,2,0,4.0,,Basic,App,1,14310431.0,0,0
C000936,45,8972809.0,7.6,752034.0,5,1,2.0,Surabaya,Gold,App,0,9024410.0,0,0
C000937,24,15476038.0,39.9,1148424.0,2,2,4.0,Jakarta,Basic,App,1,13781087.0,1,1
C000938,37,10358336.0,18.0,1108448.0,5,1,,Surabaya,Gold,Web,1,13301382.0,1,1
C000939,49,8305327.0,16.3,654381.0,3,2,3.0,Surabaya,Gold,App,0,7852576.0,0,0
C000940,48,18059840.0,14.4,1726486.0,0,4,2.0,Surabaya,Basic,App,0,20717835.0,0,0
C000941,41,8523193.0,44.5,803500.0,4,1,5.0,,Gold,App,0,9642002.0,0,0
C000942,49,,87.7,963650.0,4,2,3.0,Surabaya,Basic,Web,0,11563805.0,0,0
C000943,44,5046216.0,45.9,681769.0,3,2,3.0,Jakarta,Basic,Web,0,8181231.0,0,0
C000944,52,11776494.0,17.4,1192250.0,10,0,4.0,Bandung,Basic,App,0,14306999.0,0,0
C000945,41,15796989.0,43.0,1007636.0,8,1,3.0,Bandung,Silver,Web,1,12091632.0,1,1
C000946,34,7780483.0,7.4,930443.0,1,0,5.0,Jakarta,Gold,App,0,11165317.0,0,0
C000947,42,16424845.0,21.4,1196091.0,2,1,3.0,Jakarta,Basic,Branch,0,14353097.0,0,0
C000948,18,2707250.0,5.3,1159036.0,7,1,,Jakarta,Basic,Branch,0,13908426.0,1,1
C000949,43,7759688.0,18.0,602541.0,4,1,3.0,Surabaya,Basic,App,0,7230494.0,0,0
C000950,18,7825513.0,28.5,644663.0,2,0,3.0,Surabaya,Basic,App,0,7735962.0,0,0
C000951,18,5363381.0,98.0,690727.0,2,3,3.0,Makassar,Silver,Web,0,8288722.0,0,0
C000952,43,29682722.0,53.8,2730621.0,9,1,3.0,Bandung,Silver,Web,0,32767455.0,0,0
C000953,44,7713990.0,5.4,764743.0,13,2,2.0,Jakarta,Gold,Branch,1,9176916.0,1,1
C000954,24,6392910.0,5.9,602475.0,10,2,3.0,,Basic,App,1,7229702.0,1,1
C000955,29,8115053.0,13.9,674237.0,7,3,3.0,Jakarta,Basic,App,0,8090843.0,0,0
C000956,54,2658851.0,75.4,575196.0,4,1,4.0,Surabaya,Basic,App,0,6902350.0,0,0
C000957,32,5267280.0,5.7,912951.0,3,0,5.0,Surabaya,Silver,App,0,10955415.0,0,0
C000958,65,13738794.0,14.5,1947433.0,5,1,3.0,Surabaya,Silver,Branch,0,23369191.0,0,0
C000959,38,5660553.0,14.5,821274.0,6,0,4.0,Bandung,Basic,Branch,0,9855291.0,1,1
C000960,43,5071112.0,33.3,533063.0,3,0,2.0,Jakarta,Basic,App,1,6396753.0,0,0
C000961,57,16439396.0,43.8,1440475.0,4,1,4.0,Surabaya,Basic,App,0,17285697.0,1,1
C000962,40,16719596.0,37.6,1348561.0,7,2,,Surabaya,Gold,Web,0,16182730.0,0,0
C000963,26,10631128.0,30.2,1206427.0,4,0,4.0,Bandung,Silver,App,0,14477122.0,0,0
C000964,37,6228447.0,7.1,824540.0,7,0,3.0,Bandung,Silver,Web,1,9894485.0,0,0
C000965,38,7012768.0,26.9,1086307.0,1,1,3.0,Bandung,Basic,Web,0,13035681.0,1,1
C000966,22,5140545.0,59.0,1278470.0,4,2,3.0,Surabaya,Basic,Web,0,15341636.0,0,0
C000967,35,4628886.0,71.9,5648440.0,9,3,4.0,Surabaya,Basic,App,0,67781280.0,0,0
C000968,29,4504210.0,32.7,672569.0,1,4,3.0,Jakarta,Basic,Web,0,8070833.0,1,1
C000969,49,5694562.0,5.5,1143100.0,4,1,2.0,Surabaya,Basic,Web,0,13717203.0,1,1
C000970,38,,33.1,1299625.0,10,1,4.0,Surabaya,Basic,Web,0,15595498.0,0,0
C000971,35,3385169.0,22.5,556851.0,1,2,3.0,Surabaya,Basic,Web,0,6682206.0,0,0
C000972,37,9026033.0,6.3,738961.0,8,1,4.0,Jakarta,Basic,Branch,0,8867534.0,0,0
C000973,41,9101772.0,10.3,765805.0,4,2,4.0,Surabaya,Basic,App,0,9189657.0,0,0
C000974,45,,12.0,1595690.0,6,1,4.0,Surabaya,Silver,App,0,19148281.0,0,0
C000975,26,5539230.0,40.0,649788.0,4,0,5.0,Surabaya,Silver,App,1,7797462.0,0,0
C000976,26,,70.0,1386642.0,5,2,4.0,Jakarta,Basic,Web,0,16639709.0,0,0
C000977,51,,36.0,1287649.0,7,1,4.0,Jakarta,Gold,App,1,15451785.0,0,0
C000978,33,6957574.0,40.9,1019651.0,4,2,4.0,Bandung,Gold,App,0,12235808.0,0,0
C000979,21,12047113.0,23.7,1033258.0,6,0,3.0,Surabaya,Silver,App,0,12399091.0,0,0
C000980,43,12253573.0,16.1,1549864.0,7,3,2.0,Jakarta,Silver,Branch,0,18598369.0,0,0
C000981,44,,36.6,1232879.0,2,2,2.0,Surabaya,Basic,Web,0,14794551.0,0,0
C000982,20,6950681.0,30.4,863252.0,4,1,4.0,Jakarta,Basic,App,0,10359027.0,0,0
C000983,41,6571880.0,13.0,873163.0,1,2,1.0,Bandung,Basic,App,1,10477956.0,0,0
C000984,47,3770384.0,29.0,553629.0,8,2,,Surabaya,Basic,App,0,6643544.0,0,0
C000985,42,5135549.0,24.8,647630.0,1,3,3.0,Bandung,Basic,Branch,0,7771559.0,1,1
C000986,46,5682194.0,19.7,843933.0,3,2,4.0,Surabaya,Gold,Branch,0,10127196.0,0,0
C000987,21,4311376.0,15.7,802722.0,6,5,2.0,Makassar,Gold,Web,0,9632659.0,1,1
C000988,42,10189927.0,32.7,601885.0,7,2,3.0,Bandung,Basic,App,0,7222623.0,1,1
C000989,34,15449658.0,16.5,1969810.0,2,2,4.0,Surabaya,Silver,Branch,1,23637717.0,0,0
C000990,32,4854991.0,87.8,512984.0,5,3,3.0,Jakarta,Gold,App,0,6155808.0,1,1
C000991,48,9349607.0,35.2,1507707.0,2,1,3.0,Jakarta,Silver,Web,0,18092483.0,0,0
C000992,56,4529812.0,33.0,852448.0,9,1,3.0,Makassar,Basic,App,0,10229371.0,0,0
C000993,60,6764811.0,21.9,572539.0,2,5,3.0,Surabaya,Gold,App,0,6870462.0,0,0
C000994,54,5472635.0,18.4,840687.0,5,0,3.0,Jakarta,Silver,App,0,10088245.0,0,0
C000995,37,11139353.0,4.2,1464534.0,7,1,3.0,Jakarta,Basic,App,0,17574414.0,1,1
C000996,42,5507485.0,13.7,571592.0,6,0,5.0,Surabaya,Basic,Web,0,6859106.0,0,0
C000997,47,13955236.0,5.3,1396754.0,5,1,3.0,Bandung,Silver,Web,0,16761045.0,0,0
C000998,39,6988704.0,5.3,556716.0,7,0,3.0,Jakarta,Basic,Branch,0,6680588.0,1,1
C000999,40,5596601.0,9.0,776925.0,2,1,2.0,Jakarta,Gold,Web,0,9323099.0,1,1
C001000,48,4015347.0,55.0,343699.0,3,0,4.0,Makassar,Silver,App,1,4124389.0,0,0
C001001,37,9195406.0,54.9,769761.0,5,3,2.0,Makassar,Basic,App,0,9237128.0,1,1
C001002,29,13089517.0,14.0,898849.0,6,2,3.0,Bandung,Basic,Web,0,10786190.0,0,0
C001003,33,9297711.0,6.9,1115907.0,6,0,3.0,Surabaya,Basic,App,0,13390887.0,0,0
C001004,46,27407014.0,17.8,2821195.0,5,1,4.0,Bandung,Basic,App,0,33854335.0,0,0
C001005,38,17563531.0,39.7,1294070.0,3,0,2.0,Surabaya,Silver,App,0,15528841.0,1,1
C001006,42,6755124.0,47.8,782533.0,5,0,4.0,Jakarta,Gold,Web,0,9390397.0,0,0
C001007,46,6716226.0,28.7,1597398.0,8,2,3.0,Makassar,Silver,Web,0,19168781.0,0,0
C001008,34,10358161.0,32.4,1290745.0,1,1,4.0,Surabaya,Basic,App,0,15488935.0,0,0
C001009,47,,30.2,1550542.0,4,2,4.0,,Gold,Branch,0,18606509.0,0,0
C001010,43,15193992.0,5.7,2020332.0,4,3,3.0,Bandung,Gold,Branch,0,24243988.0,0,0
C001011,23,9760287.0,7.6,1583552.0,6,1,4.0,Surabaya,Gold,Web,0,19002625.0,0,0
C001012,55,9211880.0,71.8,667175.0,5,2,5.0,,Basic,App,0,8006098.0,0,0
C001013,32,11672855.0,28.6,1222572.0,1,0,5.0,Surabaya,Basic,Web,0,14670859.0,0,0
C001014,18,20635192.0,3.2,1859655.0,5,4,1.0,Jakarta,Silver,App,0,22315865.0,1,1
C001015,25,,33.7,10286128.0,5,2,3.0,Surabaya,Basic,App,0,123433536.0,0,0
C001016,26,7517768.0,11.5,1047803.0,4,2,3.0,Surabaya,Basic,Web,0,12573641.0,0,0
C001017,39,18342804.0,50.4,2473414.0,8,2,4.0,Makassar,Silver,Branch,1,29680972.0,0,0
C001018,35,13620749.0,46.9,999864.0,4,2,,Bandung,Gold,App,0,11998362.0,0,0
C001019,34,6705329.0,38.3,973690.0,3,0,3.0,Jakarta,Basic,App,0,11684285.0,0,0
C001020,45,,28.4,786411.0,2,1,3.0,,Silver,App,0,9436933.0,0,0
C001021,42,8907566.0,58.5,633200.0,5,2,3.0,Bandung,Basic,Web,0,7598405.0,0,0
C001022,42,9761428.0,62.4,1629554.0,3,3,3.0,Surabaya,Silver,Web,0,19554648.0,0,0
C001023,43,3793586.0,11.8,414484.0,5,4,2.0,Makassar,Basic,App,0,4973813.0,0,0
C001024,45,3424909.0,38.0,411520.0,1,2,3.0,Surabaya,Basic,App,0,4938244.0,1,1
C001025,18,4910506.0,15.8,698364.0,3,2,1.0,Bandung,Silver,Branch,0,8380372.0,1,1
C001026,34,4705986.0,10.4,478745.0,2,1,1.0,Makassar,Silver,Branch,0,5744944.0,0,0
C001027,18,5614420.0,62.4,791706.0,6,0,4.0,Surabaya,Silver,Branch,1,9500470.0,0,0
C001028,38,11342224.0,42.2,1196213.0,2,0,4.0,Surabaya,Basic,App,0,14354561.0,0,0
C001029,38,7290197.0,30.1,1065742.0,2,2,3.0,Surabaya,Basic,Branch,0,12788909.0,1,1
C001030,51,8912534.0,12.8,780104.0,5,0,5.0,,Basic,App,0,9361250.0,1,1
C001031,52,4079909.0,63.6,450628.0,4,2,2.0,Jakarta,Silver,App,0,5407533.0,0,0
C001032,40,6206135.0,11.4,1023140.0,2,6,1.0,Surabaya,Silver,App,0,12277686.0,1,1
C001033,32,11050031.0,9.3,1042975.0,1,1,2.0,Surabaya,Basic,Branch,0,12515704.0,0,0
C001034,44,11096896.0,24.9,1116379.0,3,1,,Surabaya,Basic,App,0,13396548.0,0,0
C001035,32,5370526.0,39.7,1155632.0,5,3,2.0,Surabaya,Basic,Branch,0,13867583.0,1,1
C001036,38,8743896.0,19.2,740796.0,4,3,3.0,Bandung,Basic,Branch,0,8889556.0,0,0
C001037,50,26810882.0,120.0,2582244.0,2,1,4.0,Surabaya,Basic,Branch,0,30986924.0,0,0
C001038,31,7922943.0,28.1,730686.0,3,1,4.0,Surabaya,Gold,App,0,8768230.0,0,0
C001039,48,5464042.0,15.7,521162.0,8,2,3.0,Surabaya,Basic,App,0,6253944.0,0,0
C001040,46,7270843.0,17.2,586289.0,5,1,3.0,Surabaya,Basic,App,0,7035470.0,0,0
C001041,27,8416036.0,77.0,853714.0,6,2,3.0,Surabaya,Silver,App,1,10244574.0,0,0
C001042,50,7361759.0,23.2,1903308.0,1,2,3.0,Surabaya,Gold,App,0,22839697.0,1,1
C001043,46,7863222.0,61.0,1005499.0,5,2,2.0,Surabaya,Silver,Web,0,12065990.0,0,0
C001044,39,3616641.0,5.1,444578.0,4,5,1.0,Surabaya,Basic,Branch,1,5334933.0,1,1
C001045,29,4711446.0,51.1,717525.0,5,3,3.0,Jakarta,Basic,Branch,0,8610295.0,1,1
C001046,28,7369185.0,13.3,672734.0,4,0,4.0,Jakarta,Basic,App,0,8072803.0,0,0
C001047,32,7304891.0,42.9,879139.0,1,2,5.0,Makassar,Basic,App,0,10549670.0,0,0
C001048,45,5859343.0,13.2,1063807.0,8,3,3.0,Jakarta,Silver,App,1,12765682.0,1,1
C001049,27,7257853.0,18.2,1051002.0,3,2,3.0,Surabaya,Silver,Branch,1,12612024.0,0,0
C001050,43,8273021.0,10.1,1087311.0,6,1,3.0,Surabaya,Basic,App,0,13047737.0,0,0
C001051,23,,43.4,1884890.0,2,1,3.0,Jakarta,Silver,App,1,22618681.0,0,0
C001052,36,7575165.0,48.0,1454742.0,6,0,3.0,Jakarta,Silver,App,0,17456904.0,0,0
C001053,39,9963698.0,13.7,1209059.0,6,2,4.0,Surabaya,Basic,Web,0,14508710.0,0,0
C001054,67,,6.5,1603701.0,6,1,4.0,Bandung,Basic,App,0,19244409.0,0,0
C001055,21,,60.4,1463815.0,4,3,4.0,Surabaya,Gold,Branch,0,17565783.0,0,0
C001056,56,9836434.0,15.1,1570529.0,8,1,3.0,Surabaya,Basic,Branch,0,18846350.0,0,0
C001057,40,12879551.0,22.3,1102838.0,4,0,3.0,Jakarta,Basic,Branch,1,13234053.0,0,0
C001058,43,11844277.0,11.7,1529540.0,0,2,4.0,Makassar,Basic,App,0,18354479.0,1,1
C001059,39,11059017.0,40.6,1857878.0,9,3,4.0,Bandung,Silver,Branch,1,22294541.0,0,0
C001060,43,7578475.0,41.3,938714.0,2,4,3.0,Makassar,Gold,App,1,11264566.0,0,0
C001061,36,9153700.0,67.0,444486.0,3,2,4.0,Surabaya,Basic,App,1,5333829.0,0,0
C001062,55,14358921.0,52.1,1109439.0,4,2,4.0,Surabaya,Basic,App,0,13313273.0,0,0
C001063,33,5589001.0,49.7,920891.0,7,3,,Surabaya,Gold,Web,1,11050695.0,0,0
C001064,52,5662227.0,23.9,471571.0,5,1,3.0,Surabaya,Silver,App,1,5658848.0,0,0
C001065,30,8839487.0,21.7,987903.0,1,0,3.0,Bandung,Gold,App,1,11854840.0,0,0
C001066,37,10052741.0,40.2,1062337.0,5,0,3.0,Surabaya,Silver,Branch,0,12748039.0,0,0
C001067,25,,22.9,673743.0,12,5,3.0,Surabaya,Silver,App,0,8084920.0,0,0
C001068,43,7677716.0,53.2,1143090.0,6,1,4.0,,Basic,App,0,13717080.0,1,1
C001069,55,7596915.0,11.1,828382.0,4,2,4.0,Surabaya,Basic,Branch,0,9940579.0,1,1
C001070,37,2365614.0,5.0,447022.0,5,2,4.0,Surabaya,Silver,Web,0,5364262.0,1,1
C001071,36,7089855.0,37.1,881633.0,6,2,3.0,Makassar,Basic,App,0,10579591.0,0,0
C001072,25,7336902.0,16.6,931329.0,4,2,,Surabaya,Basic,App,0,11175944.0,0,0
C001073,35,7324907.0,9.7,748479.0,1,2,3.0,,Basic,App,0,8981753.0,0,0
C001074,19,17430027.0,94.2,1514940.0,10,1,3.0,Surabaya,Basic,App,0,18179275.0,0,0
C001075,27,,25.5,350001.0,6,0,4.0,,Silver,App,0,4200012.0,0,0
C001076,41,5082987.0,7.8,954656.0,5,3,3.0,Surabaya,Basic,App,0,11455872.0,0,0
C001077,54,1901673.0,15.1,876898.0,2,2,4.0,Surabaya,Silver,Web,0,10522779.0,0,0
C001078,72,6140692.0,20.4,776910.0,3,4,1.0,Surabaya,Basic,App,0,9322914.0,1,1
C001079,31,6435552.0,36.6,625064.0,7,2,2.0,Jakarta,Silver,App,0,7500763.0,0,0
C001080,55,6043323.0,15.1,728629.0,4,1,3.0,Jakarta,Basic,App,0,8743543.0,0,0
C001081,41,14712009.0,22.6,1766630.0,5,1,,Surabaya,Basic,App,0,21199559.0,0,0
C001082,36,12842772.0,30.8,1818607.0,7,2,5.0,Surabaya,Basic,Web,1,21823286.0,0,0
C001083,43,8350010.0,35.0,708721.0,7,3,2.0,Jakarta,Basic,Web,0,8504649.0,1,1
C001084,39,6524761.0,23.8,608046.0,3,1,3.0,Surabaya,Silver,Branch,1,7296558.0,0,0
C001085,39,14067200.0,76.2,1549220.0,5,2,3.0,Surabaya,Basic,App,0,18590638.0,0,0
C001086,33,7913536.0,40.9,893992.0,3,0,3.0,Makassar,Silver,App,0,10727906.0,0,0
C001087,21,5100778.0,39.4,630301.0,3,2,2.0,Makassar,Basic,Web,0,7563616.0,1,1
C001088,19,3112744.0,38.4,650056.0,8,3,3.0,,Basic,App,0,7800671.0,0,0
C001089,46,6275910.0,53.5,502396.0,6,2,4.0,Surabaya,Silver,App,0,6028751.0,0,0
C001090,35,12115620.0,29.4,1682383.0,3,1,3.0,,Basic,Web,0,20188597.0,0,0
C001091,31,27981339.0,10.9,2990744.0,2,0,3.0,Surabaya,Basic,App,0,35888927.0,1,1
C001092,38,8275731.0,33.8,1042401.0,4,0,3.0,Bandung,Basic,App,0,12508808.0,1,1
C001093,48,5251407.0,36.8,741473.0,3,2,2.0,Surabaya,Basic,App,0,8897676.0,1,1
C001094,40,4169144.0,59.0,761183.0,1,1,,Surabaya,Basic,App,0,9134195.0,0,0
C001095,30,10837548.0,10.0,656549.0,1,0,5.0,Jakarta,Gold,App,0,7878583.0,0,0
C001096,53,3031031.0,12.2,735743.0,2,3,1.0,Surabaya,Basic,App,0,8828914.0,0,0
C001097,57,10827956.0,26.1,1078847.0,7,0,4.0,Surabaya,Gold,Web,1,12946160.0,0,0
C001098,44,12543253.0,39.2,483522.0,4,1,3.0,Jakarta,Gold,App,0,5802263.0,0,0
C001099,50,10169522.0,8.4,1273663.0,5,2,3.0,Makassar,Basic,App,0,15283960.0,0,0
C001100,53,7089591.0,10.2,888897.0,5,2,3.0,,Silver,App,0,10666763.0,0,0
C001101,52,10915228.0,45.6,967925.0,4,1,2.0,Jakarta,Gold,App,0,11615100.0,0,0
C001102,45,8788619.0,8.7,825716.0,7,0,5.0,Surabaya,Basic,App,0,9908594.0,0,0
C001103,45,5214658.0,12.4,659009.0,1,1,3.0,Bandung,Basic,Branch,0,7908105.0,1,1
C001104,44,22135183.0,47.6,1504774.0,4,2,3.0,Surabaya,Silver,App,0,18057289.0,0,0
C001105,25,6593062.0,38.8,724952.0,2,0,4.0,Surabaya,Silver,Branch,0,8699427.0,0,0
C001106,46,12257099.0,15.3,1386863.0,2,1,3.0,Surabaya,Silver,Branch,0,16642358.0,0,0
C001107,22,2115315.0,35.8,539348.0,5,0,3.0,Bandung,Basic,App,0,6472171.0,0,0
C001108,28,16143226.0,31.2,1730812.0,4,1,2.0,Surabaya,Basic,App,0,20769741.0,1,1
C001109,54,17944104.0,23.1,1971004.0,3,0,,Jakarta,Silver,App,0,23652044.0,0,0
C001110,48,8132352.0,18.8,1224597.0,3,1,2.0,Surabaya,Basic,Branch,0,14695163.0,1,1
C001111,56,10878252.0,34.8,1118006.0,6,1,3.0,Jakarta,Silver,Branch,0,13416074.0,0,0
C001112,35,10876722.0,9.5,733785.0,6,4,1.0,Makassar,Basic,Web,0,8805418.0,1,1
C001113,24,5617634.0,34.5,1063198.0,2,0,3.0,Surabaya,Basic,Branch,0,12758375.0,0,0
C001114,35,10808780.0,29.2,1089890.0,3,1,3.0,Jakarta,Gold,Web,1,13078677.0,0,0
C001115,39,5127893.0,30.7,673742.0,3,3,3.0,Surabaya,Silver,Web,0,8084900.0,0,0
C001116,39,,11.9,1067866.0,2,2,4.0,Jakarta,Silver,Branch,0,12814394.0,0,0
C001117,52,14868729.0,60.0,1851114.0,4,1,5.0,Surabaya,Gold,App,0,22213363.0,0,0
C001118,34,13674096.0,15.3,1415777.0,5,1,4.0,,Basic,App,0,16989327.0,0,0
C001119,42,5424550.0,17.3,621807.0,4,2,2.0,Bandung,Silver,Web,0,7461685.0,0,0
C001120,26,5344001.0,22.5,433196.0,3,3,3.0,Surabaya,Basic,Web,0,5198352.0,0,0
C001121,43,5608949.0,38.7,677759.0,5,3,4.0,Surabaya,Silver,App,0,8133112.0,0,0
C001122,38,11969878.0,30.0,1433996.0,2,0,3.0,Surabaya,Silver,App,0,17207947.0,0,0
C001123,29,,6.3,794329.0,1,2,2.0,Jakarta,Gold,App,0,9531942.0,0,0
C001124,35,9734084.0,25.3,996633.0,1,2,2.0,Makassar,Basic,App,0,11959594.0,0,0
C001125,36,12063777.0,26.8,1453821.0,8,5,2.0,Bandung,Silver,App,1,17445851.0,1,1
C001126,35,7620992.0,61.0,701066.0,7,2,3.0,Bandung,Basic,App,0,8412787.0,0,0
C001127,59,13942986.0,20.1,2365160.0,8,2,4.0,Makassar,Silver,App,0,28381915.0,0,0
C001128,37,6767089.0,36.5,548501.0,3,1,4.0,Jakarta,Gold,App,0,6582016.0,0,0
C001129,35,7112266.0,120.0,916668.0,9,1,4.0,Jakarta,Silver,App,0,11000020.0,0,0
C001130,18,4673724.0,54.3,459614.0,5,1,3.0,Jakarta,Silver,Branch,0,5515371.0,0,0
C001131,27,13997645.0,11.4,1373317.0,3,1,4.0,Makassar,Silver,Web,0,16479805.0,0,0
C001132,35,5248043.0,42.3,748988.0,9,1,4.0,Surabaya,Basic,App,0,8987861.0,0,0
C001133,30,9696995.0,34.6,1175290.0,5,3,4.0,Jakarta,Silver,Web,1,14103484.0,0,0
C001134,55,7692284.0,19.6,896702.0,7,5,2.0,Bandung,Silver,App,0,10760428.0,1,1
C001135,36,,42.6,699427.0,6,3,3.0,Surabaya,Basic,Web,0,8393128.0,0,0
C001136,53,5722666.0,11.2,795783.0,4,2,3.0,Bandung,Gold,Web,0,9549400.0,0,0
C001137,39,17116130.0,15.6,1875959.0,4,0,4.0,Bandung,Basic,App,0,22511504.0,0,0
C001138,38,8938370.0,22.6,726619.0,4,1,,Jakarta,Basic,App,0,8719428.0,0,0
C001139,37,4592428.0,18.9,641482.0,5,1,2.0,Bandung,Silver,Web,1,7697787.0,0,0
C001140,38,,39.5,953912.0,5,1,4.0,Surabaya,Basic,App,1,11446944.0,0,0
C001141,59,7382253.0,24.8,696441.0,4,0,5.0,Makassar,Silver,Branch,0,8357297.0,0,0
C001142,18,,17.5,4175655.0,4,1,3.0,Surabaya,Gold,Branch,0,50107855.0,0,0
C001143,18,9358263.0,53.7,1033552.0,6,1,4.0,Surabaya,Silver,App,0,12402626.0,0,0
C001144,31,6488931.0,38.5,859360.0,3,0,4.0,Jakarta,Silver,Web,0,10312317.0,0,0
C001145,38,17469507.0,7.5,2029888.0,3,0,3.0,Jakarta,Gold,Branch,0,24358650.0,0,0
C001146,46,2906273.0,7.3,438959.0,3,2,,Jakarta,Basic,Branch,0,5267507.0,0,0
C001147,44,8425962.0,17.6,1132095.0,7,3,3.0,Jakarta,Basic,App,0,13585140.0,1,1
C001148,33,23959795.0,8.4,1997012.0,5,3,2.0,Bandung,Silver,App,0,23964144.0,1,1
C001149,50,,48.2,1147315.0,4,1,4.0,Jakarta,Silver,App,1,13767775.0,0,0
C001150,50,3083687.0,16.2,640797.0,3,2,4.0,,Gold,Web,0,7689568.0,0,0
C001151,40,6434581.0,36.4,525447.0,4,1,4.0,Surabaya,Basic,App,0,6305363.0,0,0
C001152,50,17804059.0,41.9,1614825.0,4,1,3.0,Makassar,Basic,App,0,19377897.0,0,0
C001153,41,,4.3,1123941.0,1,1,2.0,Bandung,Basic,App,0,13487298.0,1,1
C001154,31,5043351.0,16.7,491201.0,6,4,4.0,Bandung,Basic,App,0,5894414.0,0,0
C001155,46,5487968.0,21.9,968914.0,4,2,2.0,Surabaya,Silver,App,0,11626966.0,0,0
C001156,39,5880292.0,31.0,553819.0,5,1,3.0,Makassar,Basic,App,0,6645832.0,0,0
C001157,38,9758126.0,46.4,1254118.0,7,3,2.0,Surabaya,Basic,App,1,15049414.0,0,0
C001158,56,16700680.0,96.9,1204653.0,6,2,2.0,Surabaya,Basic,Web,0,14455830.0,0,0
C001159,18,14271638.0,71.5,1743652.0,5,2,3.0,Surabaya,Basic,App,1,20923827.0,1,1
C001160,21,10280493.0,24.5,1017907.0,5,0,4.0,Makassar,Basic,App,0,12214881.0,1,1
C001161,24,3846013.0,24.3,338922.0,2,2,3.0,Makassar,Silver,App,0,4067063.0,0,0
C001162,34,3853873.0,66.7,526204.0,3,2,4.0,Surabaya,Gold,App,1,6314446.0,0,0
C001163,35,10726638.0,25.5,1311275.0,3,4,4.0,bandung,Silver,App,1,15735295.0,0,0
C001164,20,3816877.0,16.4,305286.0,4,1,4.0,Jakarta,Basic,Web,1,3663431.0,0,0
C001165,26,,48.7,1070067.0,5,0,2.0,Surabaya,Basic,Web,0,12840805.0,0,0
C001166,28,9456708.0,32.0,845545.0,4,0,5.0,Jakarta,Basic,App,0,10146545.0,0,0
C001167,67,4279195.0,7.2,695778.0,3,2,3.0,Surabaya,Silver,Branch,0,8349338.0,0,0
C001168,60,4554416.0,20.3,795539.0,4,2,5.0,,Basic,Web,0,9546465.0,0,0
C001169,33,7596404.0,8.6,1053319.0,2,1,3.0,Surabaya,Basic,Branch,0,12639823.0,0,0
C001170,34,10553412.0,1.9,1974969.0,4,1,3.0,Surabaya,Silver,App,0,23699629.0,0,0
C001171,24,14343213.0,77.8,863163.0,5,3,3.0,Jakarta,Silver,App,0,10357960.0,0,0
C001172,18,11170998.0,27.9,1225244.0,7,1,3.0,Surabaya,Basic,Web,0,14702933.0,0,0
C001173,37,8330743.0,20.8,1050655.0,5,0,2.0,Bandung,Silver,Web,0,12607856.0,1,1
C001174,26,5307041.0,17.5,816200.0,7,2,1.0,Jakarta,Basic,Web,0,9794398.0,0,0
C001175,37,4439060.0,25.9,377213.0,4,1,5.0,Surabaya,Basic,App,1,4526557.0,0,0
C001176,19,6040333.0,17.3,482195.0,2,2,2.0,Bandung,Gold,App,0,5786340.0,0,0
C001177,29,10023237.0,11.5,784811.0,1,1,2.0,Surabaya,Basic,Web,0,9417737.0,0,0
C001178,40,,18.1,929744.0,2,3,3.0,Jakarta,Basic,App,0,11156932.0,0,0
C001179,42,2520596.0,62.5,604452.0,3,0,2.0,Surabaya,Silver,Web,0,7253424.0,0,0
C001180,43,5193040.0,48.0,1018433.0,2,1,2.0,Surabaya,Basic,App,1,12221200.0,0,0
C001181,22,15516759.0,18.1,2401851.0,5,2,1.0,Jakarta,Silver,App,0,28822217.0,0,0
C001182,48,8356250.0,82.9,1064486.0,5,1,,Makassar,Gold,Web,0,12773827.0,0,0
C001183,28,3669615.0,24.3,732964.0,4,0,3.0,Surabaya,Basic,Web,0,8795566.0,0,0
C001184,46,29228469.0,13.8,1514771.0,9,1,4.0,Makassar,Basic,App,0,18177252.0,0,0
C001185,38,7873665.0,33.0,1022617.0,7,2,3.0,Jakarta,Basic,App,0,12271409.0,0,0
C001186,21,9883090.0,69.0,1273349.0,5,1,3.0,Surabaya,Basic,App,0,15280193.0,0,0
C001187,34,9966009.0,60.6,923997.0,7,1,3.0,Jakarta,Silver,Web,0,11087962.0,0,0
C001188,42,6535599.0,14.4,699066.0,5,2,3.0,Jakarta,Basic,App,0,8388786.0,0,0
C001189,45,5361673.0,9.6,746384.0,4,2,2.0,Jakarta,Basic,App,0,8956607.0,0,0
C001190,36,25696705.0,19.4,3185798.0,4,0,3.0,Surabaya,Silver,App,0,38229579.0,0,0
C001191,56,13890495.0,36.9,1446107.0,6,3,2.0,,Silver,Web,0,17353286.0,1,1
C001192,50,12572439.0,43.8,1356701.0,8,2,4.0,Bandung,Gold,App,1,16280410.0,0,0
C001193,35,10983571.0,55.2,1078117.0,5,0,3.0,Bandung,Basic,App,0,12937400.0,0,0
C001194,47,4607185.0,29.0,1151406.0,6,0,2.0,Bandung,Silver,App,0,13816870.0,0,0
C001195,61,16152634.0,29.7,1759273.0,4,0,4.0,Surabaya,Basic,App,0,21111272.0,0,0
C001196,62,5031502.0,28.3,473032.0,2,3,2.0,Surabaya,Gold,App,0,5676385.0,1,1
C001197,23,9348812.0,50.6,1219772.0,6,1,3.0,Jakarta,Gold,Web,1,14637269.0,0,0
C001198,27,3247148.0,44.3,452202.0,7,0,3.0,Surabaya,Silver,App,1,5426421.0,0,0
C001199,56,2603793.0,14.0,321929.0,4,1,5.0,Jakarta,Silver,Web,0,3863152.0,0,0
C001200,25,9530543.0,40.8,1219324.0,5,0,3.0,Surabaya,Silver,App,0,14631886.0,0,0
C001201,22,5126571.0,48.4,1296236.0,4,2,,Bandung,Silver,App,0,15554836.0,0,0
C001202,32,2678882.0,51.0,311340.0,6,1,4.0,Surabaya,Basic,App,0,3736075.0,0,0
C001203,43,10770132.0,32.0,1336633.0,7,0,2.0,Bandung,Silver,Branch,1,16039592.0,0,0
C001204,37,25674184.0,30.8,1487275.0,2,2,3.0,Surabaya,Gold,App,0,17847301.0,0,0
C001205,30,17179206.0,25.1,1694698.0,2,1,3.0,Makassar,Silver,App,0,20336371.0,0,0
C001206,30,6944269.0,27.0,838846.0,5,1,2.0,Jakarta,Basic,App,0,10066147.0,0,0
C001207,29,8039014.0,74.9,891503.0,3,0,3.0,Surabaya,Basic,App,0,10698041.0,0,0
C001208,27,13035547.0,27.7,1374891.0,4,4,3.0,Surabaya,Silver,App,1,16498693.0,0,0
C001209,65,14829404.0,14.9,1495778.0,4,3,5.0,Jakarta,Basic,Branch,0,17949332.0,0,0
C001210,42,6622659.0,32.5,779137.0,5,0,3.0,Surabaya,Basic,App,1,9349647.0,0,0
C001211,49,8151804.0,43.2,708916.0,6,0,4.0,Bandung,Basic,Branch,0,8506995.0,0,0
C001212,32,9438336.0,49.6,920481.0,5,0,4.0,Bandung,Basic,App,0,11045773.0,0,0
C001213,36,10849007.0,11.4,778221.0,2,3,2.0,Jakarta,Basic,Web,0,9338648.0,1,1
C001214,29,7435379.0,65.3,1127498.0,0,2,4.0,Surabaya,Basic,Web,0,13529981.0,1,1
C001215,18,7488696.0,42.2,826186.0,7,3,5.0,Surabaya,Gold,App,0,9914237.0,0,0
C001216,21,17087536.0,63.0,2011388.0,2,2,3.0,Surabaya,Basic,App,0,24136653.0,0,0
C001217,18,15559602.0,8.1,878288.0,8,1,5.0,Surabaya,Basic,App,0,10539459.0,0,0
C001218,18,10402200.0,52.3,1014145.0,6,2,3.0,Jakarta,Basic,App,0,12169739.0,1,1
C001219,24,20593007.0,11.0,1855999.0,8,3,2.0,Jakarta,Silver,Web,0,22271988.0,1,1
C001220,54,6468190.0,21.2,479805.0,4,1,3.0,Surabaya,Gold,App,1,5757655.0,0,0
C001221,37,19532445.0,43.1,2162489.0,4,4,3.0,Surabaya,Silver,Web,0,25949868.0,0,0
C001222,53,10781428.0,10.1,1317232.0,5,1,,Jakarta,Gold,App,0,15806778.0,0,0
C001223,43,48351919.0,17.2,3789744.0,3,0,4.0,Bandung,Basic,Branch,0,45476928.0,0,0
C001224,47,4151943.0,7.9,600904.0,5,2,3.0,,Basic,Branch,0,7210851.0,0,0
C001225,27,5475599.0,42.3,711699.0,3,2,4.0,Surabaya,Gold,App,0,8540393.0,0,0
C001226,44,10072212.0,13.8,1620751.0,4,1,4.0,Surabaya,Basic,Web,0,19449012.0,0,0
C001227,47,,26.4,667561.0,5,2,4.0,Surabaya,Basic,App,0,8010735.0,0,0
C001228,31,,34.7,1740860.0,4,0,3.0,Jakarta,Basic,App,0,20890323.0,0,0
C001229,45,5539119.0,32.3,712146.0,5,2,3.0,Bandung,Gold,Web,0,8545751.0,0,0
C001230,45,13159537.0,30.3,1386349.0,5,0,4.0,Jakarta,Basic,App,0,16636194.0,0,0
C001231,31,15162059.0,30.2,1963351.0,5,2,2.0,Makassar,Gold,Web,0,23560210.0,0,0
C001232,25,11787007.0,8.4,1840585.0,2,4,2.0,Surabaya,Silver,App,0,22087023.0,0,0
C001233,24,,22.0,654107.0,5,2,3.0,Surabaya,Basic,Branch,0,7849284.0,0,0
C001234,39,17352019.0,30.0,2096705.0,4,0,4.0,Surabaya,Basic,App,0,25160456.0,1,1
C001235,42,15730008.0,27.8,1678876.0,3,2,3.0,Jakarta,Basic,App,0,20146515.0,0,0
C001236,28,11125202.0,23.9,1065065.0,3,1,,Surabaya,Basic,App,0,12780777.0,0,0
C001237,38,8951604.0,15.3,1173321.0,3,1,2.0,Surabaya,Basic,Web,0,14079857.0,0,0
C001238,45,9059382.0,31.8,721584.0,3,1,3.0,Surabaya,Basic,Web,0,8659008.0,0,0
C001239,45,45965742.0,35.9,1404929.0,5,1,2.0,Bandung,Silver,Web,0,16859147.0,0,0
C001240,57,11380181.0,19.0,1212202.0,3,3,3.0,surabaya,Basic,App,0,14546429.0,1,1
C001241,53,8138173.0,49.9,629238.0,2,2,4.0,Surabaya,Gold,App,0,7550861.0,0,0
C001242,26,5016602.0,66.2,491457.0,3,0,5.0,Surabaya,Basic,Web,1,5897483.0,0,0
C001243,58,4493878.0,26.8,770574.0,1,1,2.0,Surabaya,Gold,App,0,9246889.0,0,0
C001244,32,5290018.0,14.2,827821.0,2,2,3.0,Jakarta,Silver,App,1,9933850.0,0,0
C001245,51,9039594.0,10.0,853733.0,3,2,4.0,Jakarta,Silver,App,0,10244798.0,0,0
C001246,39,7882269.0,20.9,919684.0,6,0,3.0,Bandung,Silver,Web,0,11036208.0,0,0
C001247,33,9005906.0,25.4,908628.0,10,1,2.0,Bandung,Basic,App,0,10903533.0,0,0
C001248,18,10536957.0,9.5,1439407.0,4,1,2.0,Surabaya,Silver,App,1,17272887.0,0,0
C001249,36,5665613.0,20.5,1339706.0,3,1,4.0,Bandung,Silver,Branch,0,16076477.0,0,0
C001250,19,17913500.0,48.2,1939538.0,9,1,3.0,Jakarta,Silver,App,0,23274450.0,0,0
C001251,50,6904688.0,3.6,6227360.0,6,2,4.0,Bandung,Gold,App,0,74728320.0,0,0
C001252,56,6303195.0,28.0,595803.0,1,2,3.0,Surabaya,Basic,App,1,7149641.0,0,0
C001253,28,10430706.0,17.1,593487.0,2,1,5.0,Surabaya,Gold,Branch,1,7121846.0,0,0
C001254,42,2913517.0,26.0,1329085.0,3,1,4.0,Jakarta,Gold,Web,0,15949025.0,0,0
C001255,29,5179184.0,68.4,1009518.0,4,4,2.0,,Gold,Web,1,12114212.0,0,0
C001256,30,13722428.0,25.1,1327073.0,3,1,3.0,Makassar,Silver,Web,0,15924876.0,0,0
C001257,47,3076706.0,22.6,613371.0,5,1,,Surabaya,Silver,App,0,7360448.0,0,0
C001258,38,14792309.0,40.5,1528503.0,5,2,2.0,Surabaya,Silver,Web,0,18342039.0,0,0
C001259,59,110203218.0,32.1,2115216.0,3,1,4.0,Bandung,Basic,Web,0,25382597.0,0,0
C001260,32,6528917.0,28.1,610754.0,3,3,3.0,Surabaya,Gold,App,0,7329054.0,0,0
C001261,50,9392754.0,32.9,1687412.0,3,3,4.0,,Basic,App,1,20248942.0,0,0
C001262,39,14804622.0,56.8,1495785.0,2,4,2.0,Makassar,Gold,App,1,17949426.0,1,1
C001263,48,6188591.0,46.2,960407.0,9,2,3.0,Surabaya,Basic,Web,0,11524879.0,0,0
C001264,33,12893433.0,21.5,1725115.0,4,0,3.0,Surabaya,Basic,App,1,20701386.0,0,0
C001265,37,5530674.0,66.1,1535159.0,8,1,5.0,,Basic,App,0,18421913.0,0,0
C001266,37,6151896.0,17.9,422978.0,5,2,3.0,Surabaya,Silver,Branch,0,5075737.0,0,0
C001267,28,5154172.0,28.0,861431.0,4,0,5.0,Jakarta,Basic,App,0,10337177.0,0,0
C001268,46,9659071.0,30.3,881093.0,6,1,3.0,Makassar,Silver,App,0,10573110.0,0,0
C001269,46,15124630.0,20.7,1861922.0,2,2,2.0,Bandung,Basic,App,0,22343064.0,0,0
C001270,45,,61.7,922135.0,4,4,1.0,Surabaya,Silver,Branch,0,11065617.0,0,0
C001271,56,3975913.0,20.0,484594.0,2,2,4.0,Bandung,Basic,Web,0,5815130.0,0,0
C001272,55,4410344.0,23.7,612491.0,2,2,3.0,Surabaya,Basic,Web,0,7349889.0,0,0
C001273,34,,50.6,799659.0,5,1,4.0,Surabaya,Basic,App,0,9595907.0,0,0
C001274,42,22058667.0,18.4,2523183.0,6,2,5.0,Jakarta,Basic,App,0,30278196.0,0,0
C001275,31,9934269.0,9.2,1212511.0,5,3,3.0,Jakarta,Silver,Web,0,14550135.0,0,0
C001276,38,6466587.0,28.6,1101243.0,3,4,3.0,Surabaya,Basic,Web,0,13214911.0,1,1
C001277,31,12192765.0,11.7,1044099.0,2,0,,,Silver,App,0,12529192.0,0,0
C001278,57,7012661.0,10.6,1114538.0,6,1,4.0,Makassar,Silver,App,0,13374452.0,0,0
C001279,42,6497287.0,3.7,830233.0,4,1,2.0,Jakarta,Basic,App,0,9962800.0,1,1
C001280,35,4722267.0,4.2,409834.0,3,3,4.0,Surabaya,Gold,Web,0,4918007.0,0,0
C001281,52,17358606.0,4.6,1756550.0,5,1,3.0,Makassar,Silver,App,0,21078604.0,0,0
C001282,18,1979565.0,71.7,658539.0,2,1,5.0,Surabaya,Basic,App,0,7902468.0,0,0
C001283,18,12407041.0,4.6,1277271.0,4,3,3.0,Surabaya,Silver,App,0,15327248.0,1,1
C001284,48,6198962.0,11.4,792760.0,1,0,5.0,Surabaya,Basic,Branch,0,9513121.0,0,0
C001285,39,6383740.0,24.0,906305.0,4,0,3.0,Surabaya,Basic,App,1,10875656.0,0,0
C001286,41,20291760.0,39.4,2049049.0,5,1,2.0,Surabaya,Basic,Web,0,24588591.0,0,0
C001287,22,5401461.0,42.1,830464.0,7,2,4.0,Surabaya,Basic,App,1,9965571.0,0,0
C001288,38,5503606.0,14.2,791254.0,5,1,4.0,Jakarta,Basic,Web,0,9495049.0,0,0
C001289,62,7446355.0,27.7,1072457.0,2,1,3.0,Surabaya,Basic,Branch,0,12869487.0,0,0
C001290,48,10044825.0,23.5,1068700.0,6,2,3.0,Surabaya,Basic,App,0,12824397.0,0,0
C001291,40,,26.6,453347.0,5,0,,Jakarta,Silver,App,0,5440161.0,0,0
C001292,33,3366317.0,29.1,807785.0,6,4,2.0,Surabaya,Basic,Web,0,9693419.0,0,0
C001293,33,4969442.0,34.6,604387.0,4,2,2.0,Jakarta,Basic,Web,0,7252648.0,0,0
C001294,18,16186461.0,16.9,1163156.0,9,0,4.0,Surabaya,Basic,Web,0,13957872.0,0,0
C001295,41,8335877.0,55.3,949419.0,2,2,3.0,Bandung,Basic,App,0,11393034.0,0,0
C001296,48,10252684.0,20.1,1027079.0,6,1,3.0,Makassar,Silver,Web,0,12324953.0,0,0
C001297,19,,94.3,1262050.0,3,2,4.0,Surabaya,Silver,Web,0,15144599.0,0,0
C001298,30,5566229.0,17.7,549873.0,5,1,4.0,Jakarta,Basic,App,0,6598482.0,0,0
C001299,24,20127856.0,28.0,2402017.0,4,3,3.0,,Silver,App,0,28824208.0,0,0
C001300,26,7213368.0,23.7,704821.0,2,4,3.0,Jakarta,Basic,Branch,0,8457854.0,0,0
C001301,39,6268820.0,27.2,465153.0,6,2,3.0,Surabaya,Basic,App,0,5581840.0,1,1
C001302,18,14618968.0,51.5,1674550.0,6,1,4.0,Surabaya,Silver,App,0,20094602.0,0,0
C001303,45,5377069.0,22.7,421178.0,2,0,3.0,Jakarta,Silver,Branch,0,5054135.0,1,1
C001304,47,,10.2,661994.0,5,1,4.0,Surabaya,Silver,Web,0,7943924.0,1,1
C001305,35,8045213.0,16.6,683702.0,0,3,4.0,bandung,Silver,Web,0,8204427.0,0,0
C001306,18,8001189.0,22.7,900898.0,5,1,2.0,Surabaya,Basic,Web,0,10810780.0,0,0
C001307,26,9227866.0,29.8,1135552.0,4,1,2.0,Surabaya,Gold,App,0,13626625.0,1,1
C001308,53,25276106.0,14.3,2782986.0,4,1,2.0,Surabaya,Gold,Web,0,33395827.0,1,1
C001309,18,9625137.0,15.5,1253819.0,0,1,5.0,Surabaya,Basic,App,0,15045833.0,0,0
C001310,34,2163034.0,30.5,511040.0,6,1,3.0,Jakarta,Gold,Branch,0,6132483.0,0,0
C001311,24,9572611.0,31.2,682055.0,5,2,2.0,Surabaya,Basic,App,0,8184664.0,0,0
C001312,48,8168420.0,46.8,998383.0,2,0,4.0,Jakarta,Gold,App,0,11980600.0,1,1
C001313,30,8193483.0,16.5,978894.0,6,0,1.0,Bandung,Gold,App,0,11746724.0,0,0
C001314,43,54952656.0,36.9,935039.0,6,4,2.0,Makassar,Basic,App,0,11220473.0,0,0
C001315,45,7874805.0,23.7,1088751.0,5,3,4.0,Bandung,Basic,App,1,13065008.0,0,0
C001316,60,7771824.0,18.3,674191.0,2,2,2.0,Jakarta,Silver,App,0,8090288.0,1,1
C001317,36,11207866.0,24.3,1112925.0,4,0,3.0,Bandung,Basic,Web,1,13355100.0,0,0
C001318,43,5937553.0,26.7,586526.0,3,2,3.0,Jakarta,Silver,App,0,7038316.0,1,1
C001319,20,4750330.0,9.3,276659.0,1,1,4.0,Surabaya,Basic,Branch,0,3319905.0,0,0
C001320,52,42204267.0,9.9,3308320.0,4,1,3.0,Makassar,Basic,Branch,0,39699842.0,0,0
C001321,29,5396335.0,40.3,701927.0,8,1,4.0,Surabaya,Basic,App,0,8423118.0,0,0
C001322,31,8452989.0,19.7,1107049.0,5,2,4.0,Surabaya,Silver,App,1,13284585.0,0,0
C001323,38,3514258.0,29.9,613258.0,6,0,3.0,Surabaya,Silver,Web,1,7359098.0,0,0
C001324,19,8529231.0,39.5,779520.0,3,1,3.0,Jakarta,Silver,App,0,9354241.0,0,0
C001325,41,4788262.0,24.4,653713.0,6,0,4.0,Jakarta,Silver,App,0,7844561.0,0,0
C001326,50,6271913.0,37.3,942000.0,7,3,3.0,Jakarta,Silver,Web,0,11304003.0,0,0
C001327,42,14213996.0,26.8,1353137.0,7,0,4.0,Surabaya,Basic,Web,0,16237649.0,0,0
C001328,19,10371346.0,27.7,737685.0,3,1,3.0,Surabaya,Basic,Web,0,8852221.0,0,0
C001329,37,10936073.0,54.2,575165.0,4,1,2.0,Surabaya,Basic,Branch,0,6901981.0,0,0
C001330,47,3020067.0,22.5,667833.0,3,3,2.0,Surabaya,Silver,Web,0,8013994.0,1,1
C001331,18,21971230.0,40.6,1679406.0,5,1,4.0,Surabaya,Basic,App,0,20152870.0,0,0
C001332,25,4153315.0,7.9,412716.0,5,0,3.0,Surabaya,Silver,App,0,4952596.0,0,0
C001333,49,18544069.0,29.2,1137035.0,7,3,3.0,Makassar,Basic,Web,1,13644425.0,0,0
C001334,41,14031302.0,63.0,1468546.0,1,1,3.0,Bandung,Basic,Web,1,17622550.0,0,0
C001335,43,10989877.0,98.5,1227769.0,4,1,5.0,Surabaya,Silver,Web,0,14733225.0,0,0
C001336,60,4998810.0,8.2,749737.0,2,1,3.0,Surabaya,Silver,App,0,8996850.0,0,0
C001337,44,8695590.0,19.6,1108100.0,5,1,5.0,Makassar,Basic,Web,0,13297200.0,0,0
C001338,46,6174542.0,11.9,953050.0,1,3,4.0,Jakarta,Silver,Branch,0,11436602.0,0,0
C001339,71,8128800.0,23.2,1216143.0,4,3,4.0,Bandung,Gold,App,0,14593719.0,0,0
C001340,35,6972765.0,44.9,702634.0,2,0,3.0,Bandung,Basic,App,0,8431605.0,0,0
C001341,28,2607015.0,55.4,484764.0,5,1,3.0,,Gold,Branch,0,5817163.0,0,0
C001342,43,14826599.0,56.5,1506696.0,5,3,2.0,Surabaya,Basic,Branch,0,18080348.0,0,0
C001343,43,7650971.0,7.6,773911.0,4,0,5.0,Surabaya,Basic,App,1,9286936.0,0,0
C001344,32,6127589.0,26.3,906840.0,3,2,3.0,Jakarta,Silver,App,0,10882085.0,0,0
C001345,26,5878264.0,16.2,564661.0,3,0,3.0,Makassar,Silver,Web,0,6775932.0,0,0
C001346,66,9743441.0,22.2,922918.0,3,1,5.0,Surabaya,Silver,App,0,11075010.0,0,0
C001347,42,4893342.0,18.0,581105.0,4,1,3.0,Bandung,Basic,App,0,6973263.0,0,0
C001348,29,2314272.0,7.9,349040.0,3,0,4.0,Jakarta,Basic,App,1,4188482.0,0,0
C001349,49,10007781.0,55.7,1230699.0,4,2,,Jakarta,Basic,Web,0,14768383.0,1,1
C001350,37,10643487.0,14.4,1470639.0,7,1,4.0,Jakarta,Silver,App,1,17647666.0,0,0
C001351,35,7168124.0,16.5,496740.0,3,1,3.0,Jakarta,Silver,App,0,5960879.0,0,0
C001352,45,4255001.0,63.2,821818.0,4,1,4.0,Jakarta,Gold,App,0,9861820.0,0,0
C001353,22,8401045.0,6.7,1260434.0,6,2,3.0,Bandung,Basic,Web,1,15125212.0,0,0
C001354,42,3574941.0,34.3,1190787.0,2,2,4.0,Jakarta,Silver,Web,0,14289440.0,0,0
C001355,61,27281922.0,49.0,875423.0,9,2,3.0,Surabaya,Silver,Web,0,10505072.0,0,0
C001356,44,5293913.0,60.1,636595.0,5,1,5.0,Jakarta,Silver,App,1,7639138.0,0,0
C001357,33,12725502.0,32.7,588317.0,5,3,4.0,Jakarta,Gold,Branch,0,7059798.0,0,0
C001358,32,6553541.0,41.1,656009.0,4,0,4.0,Bandung,Silver,Branch,0,7872105.0,0,0
C001359,33,6253336.0,49.0,808029.0,2,0,4.0,Surabaya,Basic,App,0,9696348.0,0,0
C001360,35,23441839.0,23.4,2789512.0,7,1,4.0,Surabaya,Silver,Branch,0,33474149.0,0,0
C001361,33,9711356.0,12.8,974992.0,5,1,4.0,Surabaya,Gold,App,1,11699909.0,0,0
C001362,49,9639686.0,66.2,1055517.0,7,1,1.0,Bandung,Basic,App,0,12666202.0,1,1
C001363,18,6528036.0,38.2,1018259.0,5,1,3.0,Surabaya,Silver,Web,0,12219106.0,0,0
C001364,48,5762879.0,26.3,784216.0,2,2,3.0,Surabaya,Silver,App,0,9410589.0,0,0
C001365,33,2403481.0,8.3,193835.0,3,3,3.0,,Basic,Branch,0,2326015.0,1,1
C001366,43,13629667.0,2.9,1414361.0,4,0,4.0,Jakarta,Gold,App,0,16972338.0,1,1
C001367,24,10237033.0,33.8,1697714.0,5,2,4.0,Jakarta,Silver,Web,0,20372565.0,0,0
C001368,54,7249266.0,2.6,669716.0,4,1,4.0,Surabaya,Basic,Web,0,8036589.0,1,1
C001369,53,7418426.0,26.1,844098.0,2,3,1.0,Jakarta,Basic,App,0,10129181.0,0,0
C001370,50,11992973.0,14.9,1354063.0,4,1,4.0,Surabaya,Basic,Web,0,16248756.0,0,0
C001371,20,3401958.0,18.0,222846.0,7,2,4.0,Surabaya,Gold,App,0,2674151.0,0,0
C001372,48,5783487.0,56.9,328255.0,2,1,3.0,Jakarta,Basic,App,0,3939054.0,0,0
C001373,43,4282235.0,15.0,433153.0,4,0,4.0,Surabaya,Silver,App,0,5197833.0,0,0
C001374,19,21195134.0,27.0,1622402.0,5,1,3.0,Surabaya,Silver,Branch,0,19468822.0,0,0
C001375,38,12949434.0,15.1,800423.0,0,1,4.0,Surabaya,Basic,Web,0,9605071.0,0,0
C001376,42,2382048.0,31.7,320335.0,1,0,3.0,Jakarta,Basic,Web,0,3844018.0,0,0
C001377,45,3479444.0,28.7,488564.0,8,0,4.0,Bandung,Silver,App,0,5862767.0,0,0
C001378,40,7438368.0,26.1,800103.0,4,3,3.0,Bandung,Basic,Web,1,9601231.0,0,0
C001379,41,6169387.0,49.1,493871.0,4,3,3.0,Surabaya,Basic,Web,0,5926448.0,0,0
C001380,56,3861406.0,6.7,510036.0,4,3,3.0,Surabaya,Basic,Branch,0,6120437.0,0,0
C001381,53,23314157.0,5.1,1391204.0,3,3,3.0,Makassar,Basic,Web,1,16694444.0,0,0
C001382,18,9500444.0,9.7,986181.0,4,1,4.0,Surabaya,Basic,App,0,11834175.0,1,1
C001383,34,10387369.0,28.8,1352984.0,4,4,3.0,Bandung,Basic,Branch,0,16235811.0,0,0
C001384,36,5467565.0,35.4,524009.0,5,1,4.0,Surabaya,Basic,Web,0,6288105.0,0,0
C001385,18,11901832.0,1.0,1300060.0,4,2,,Surabaya,Basic,App,0,15600721.0,1,1
C001386,39,6489617.0,35.1,802965.0,5,1,3.0,Jakarta,Silver,Web,0,9635586.0,0,0
C001387,53,6845577.0,20.0,952478.0,4,2,3.0,Surabaya,Basic,App,0,11429732.0,0,0
C001388,25,11195284.0,67.3,757257.0,5,0,4.0,Jakarta,Basic,Web,0,9087087.0,0,0
C001389,42,3265761.0,33.4,307610.0,4,3,3.0,Surabaya,Silver,App,0,3691319.0,0,0
C001390,27,19255695.0,62.4,2039871.0,3,2,2.0,Surabaya,Silver,Web,0,24478447.0,1,1
C001391,30,8844145.0,55.1,711434.0,2,0,4.0,Jakarta,Gold,App,0,8537209.0,0,0
C001392,56,16182993.0,20.0,1127641.0,5,2,3.0,Bandung,Silver,Web,0,13531693.0,0,0
C001393,31,4428056.0,45.1,477500.0,1,2,4.0,Jakarta,Basic,App,0,5730003.0,0,0
C001394,44,4814830.0,20.0,911228.0,2,0,4.0,Surabaya,Silver,App,1,10934734.0,0,0
C001395,18,4222369.0,72.6,494490.0,2,1,3.0,Makassar,Gold,App,0,5933884.0,0,0
C001396,60,9180717.0,21.4,1379193.0,5,0,3.0,Surabaya,Basic,App,0,16550316.0,0,0
C001397,45,8295659.0,36.6,725091.0,5,2,3.0,Surabaya,Basic,Web,0,8701092.0,0,0
C001398,36,6196689.0,81.3,773272.0,5,1,3.0,Surabaya,Basic,App,0,9279266.0,0,0
C001399,45,4580021.0,37.7,703654.0,1,5,1.0,Bandung,Gold,App,0,8443848.0,0,0
C001400,21,3986101.0,18.5,1089712.0,7,0,4.0,Surabaya,Basic,Branch,0,13076542.0,0,0
C001401,52,7789490.0,8.7,920804.0,2,3,4.0,Surabaya,Gold,Web,1,11049651.0,0,0
C001402,34,6192685.0,6.7,807668.0,5,2,4.0,Surabaya,Silver,App,0,9692011.0,0,0
C001403,36,5486869.0,35.0,447794.0,1,2,3.0,Surabaya,Silver,App,0,5373523.0,0,0
C001404,32,112404078.0,24.3,2754649.0,2,3,2.0,Surabaya,Basic,Branch,0,33055786.0,1,1
C001405,31,7645845.0,9.9,886439.0,6,2,3.0,Surabaya,Basic,App,0,10637272.0,0,0
C001406,46,16086255.0,41.9,693358.0,4,3,3.0,,Basic,App,0,8320293.0,0,0
C001407,41,5966454.0,41.5,1209777.0,2,2,3.0,Surabaya,Silver,App,0,14517319.0,0,0
C001408,46,9152879.0,23.9,870172.0,3,1,4.0,Surabaya,Silver,Web,0,10442065.0,0,0
C001409,38,7759592.0,64.2,1011747.0,2,2,3.0,Surabaya,Basic,App,0,12140964.0,0,0
C001410,44,3144797.0,5.6,457442.0,1,2,1.0,Surabaya,Basic,Branch,0,5489300.0,0,0
C001411,33,17549538.0,19.0,979613.0,7,3,4.0,Jakarta,Silver,App,0,11755352.0,0,0
C001412,65,7426889.0,37.5,671248.0,10,3,3.0,Jakarta,Basic,Web,0,8054972.0,0,0
C001413,19,12060933.0,10.9,1377029.0,4,1,3.0,Surabaya,Silver,App,1,16524347.0,0,0
C001414,53,5290040.0,44.7,532227.0,4,2,2.0,Surabaya,Basic,Branch,0,6386724.0,0,0
C001415,54,7306593.0,53.4,1156485.0,6,1,3.0,Surabaya,Gold,App,0,13877825.0,0,0
C001416,28,,1.8,647215.0,2,1,3.0,Bandung,Basic,App,0,7766586.0,0,0
C001417,65,15787851.0,65.6,1663015.0,5,0,3.0,Makassar,Basic,App,0,19956178.0,0,0
C001418,50,9494538.0,36.0,920472.0,6,3,,Jakarta,Basic,App,0,11045667.0,1,1
C001419,50,9789604.0,17.3,1188079.0,3,4,2.0,Makassar,Basic,App,0,14256950.0,1,1
C001420,38,16885290.0,7.3,2317283.0,4,1,5.0,Surabaya,Basic,App,0,27807397.0,0,0
C001421,35,15111095.0,48.6,1807681.0,7,2,4.0,Jakarta,Basic,Web,0,21692178.0,0,0
C001422,35,12187123.0,9.4,1690491.0,4,2,3.0,Jakarta,Basic,App,0,20285889.0,0,0
C001423,43,3660104.0,36.0,501069.0,4,1,3.0,Surabaya,Basic,App,0,6012825.0,0,0
C001424,55,,9.8,494247.0,4,2,5.0,Jakarta,Basic,App,0,5930960.0,0,0
C001425,40,,25.7,941644.0,7,1,5.0,Surabaya,Gold,App,1,11299724.0,0,0
C001426,27,11936311.0,47.2,1872644.0,3,1,3.0,Bandung,Gold,Branch,0,22471733.0,0,0
C001427,48,52723410.0,17.5,669075.0,1,1,,Surabaya,Basic,App,0,8028899.0,0,0
C001428,49,3723484.0,65.3,466063.0,2,3,3.0,Surabaya,Basic,Web,0,5592760.0,0,0
C001429,46,,38.1,891628.0,1,1,3.0,Surabaya,Basic,App,0,10699531.0,1,1
C001430,47,3517251.0,10.9,469441.0,3,1,3.0,Surabaya,Gold,App,1,5633290.0,0,0
C001431,35,,7.9,1368903.0,3,1,3.0,Surabaya,Silver,Branch,0,16426832.0,0,0
C001432,27,3218729.0,13.6,586209.0,4,3,3.0,Surabaya,Silver,Web,0,7034508.0,0,0
C001433,28,10700566.0,24.8,1127986.0,5,3,3.0,Surabaya,Silver,Web,0,13535828.0,0,0
C001434,18,9848518.0,69.3,926911.0,2,0,5.0,Jakarta,Silver,App,0,11122931.0,1,1
C001435,41,22846849.0,77.7,1623471.0,2,1,3.0,Jakarta,Basic,Web,0,19481654.0,0,0
C001436,37,12753068.0,17.0,1434861.0,2,2,4.0,Surabaya,Basic,Branch,0,17218327.0,0,0
C001437,33,6339746.0,16.6,702802.0,2,1,2.0,Surabaya,Silver,App,0,8433627.0,0,0
C001438,18,12545727.0,42.5,1488683.0,6,2,3.0,Jakarta,Basic,App,0,17864195.0,0,0
C001439,23,3708867.0,42.2,459446.0,0,1,4.0,Surabaya,Basic,Branch,0,5513351.0,1,1
C001440,51,4711855.0,58.7,615021.0,2,1,4.0,Surabaya,Silver,App,0,7380247.0,0,0
C001441,30,9608710.0,59.7,1285034.0,7,1,3.0,,Silver,App,0,15420404.0,0,0
C001442,42,,12.9,761646.0,6,3,3.0,Surabaya,Basic,App,0,9139746.0,0,0
C001443,21,7838152.0,6.5,1166640.0,3,1,5.0,Surabaya,Basic,App,0,13999675.0,0,0
C001444,55,,38.5,814075.0,4,3,2.0,Makassar,Basic,App,0,9768901.0,0,0
C001445,36,8458403.0,29.9,604029.0,4,2,4.0,Jakarta,Basic,App,0,7248343.0,0,0
C001446,41,4422418.0,3.5,489070.0,2,2,4.0,Makassar,Basic,App,0,5868845.0,0,0
C001447,66,10102450.0,6.3,1047080.0,3,3,3.0,,Silver,App,0,12564962.0,0,0
C001448,56,8085494.0,37.3,950808.0,6,1,5.0,Surabaya,Basic,App,0,11409691.0,0,0
C001449,34,17281608.0,23.2,1604076.0,7,2,5.0,Jakarta,Silver,Web,0,19248911.0,1,1
C001450,31,,37.8,1055019.0,5,2,4.0,Bandung,Basic,Web,0,12660225.0,0,0
C001451,34,5241921.0,10.3,445698.0,5,3,4.0,Makassar,Basic,App,0,5348381.0,0,0
C001452,44,6984227.0,39.7,566838.0,3,1,2.0,jakarta,Basic,App,0,6802055.0,0,0
C001453,37,3819469.0,32.6,557330.0,4,3,2.0,Surabaya,Silver,Web,0,6687963.0,0,0
C001454,33,10002320.0,41.7,1092780.0,6,2,3.0,Jakarta,Gold,Web,1,13113365.0,0,0
C001455,56,11065799.0,17.9,1483323.0,5,0,3.0,Surabaya,Basic,Branch,0,17799873.0,1,1
C001456,37,31109068.0,15.0,2587421.0,6,4,3.0,Surabaya,Silver,Branch,0,31049058.0,0,0
C001457,66,5682730.0,7.3,565599.0,1,2,1.0,Surabaya,Basic,App,0,6787189.0,0,0
C001458,39,6904370.0,20.3,1412794.0,5,2,4.0,Surabaya,Basic,App,0,16953523.0,0,0
C001459,59,5828586.0,51.9,1207492.0,3,0,3.0,Surabaya,Basic,App,0,14489909.0,0,0
C001460,42,8989921.0,61.4,2346051.0,3,1,3.0,Makassar,Basic,App,0,28152613.0,0,0
C001461,50,9868732.0,9.5,2017021.0,6,3,5.0,,Gold,Web,1,24204249.0,0,0
C001462,29,7768564.0,24.8,778340.0,3,3,3.0,Jakarta,Silver,App,0,9340083.0,0,0
C001463,28,14540252.0,69.9,1769210.0,4,1,2.0,Bandung,Gold,Branch,0,21230518.0,0,0
C001464,44,5697929.0,76.0,918872.0,4,1,4.0,surabaya,Silver,Web,0,11026459.0,1,1
C001465,50,13760983.0,19.7,1124685.0,4,3,3.0,Jakarta,Silver,Branch,1,13496215.0,0,0
C001466,38,10757631.0,55.0,1076059.0,3,3,3.0,Jakarta,Basic,Web,0,12912710.0,0,0
C001467,23,7947243.0,49.0,855046.0,4,2,5.0,Surabaya,Basic,App,0,10260548.0,0,0
C001468,22,6727653.0,46.3,1144009.0,5,1,4.0,Surabaya,Basic,App,0,13728106.0,0,0
C001469,21,30389854.0,5.4,3093815.0,0,1,4.0,Jakarta,Basic,Web,0,37125783.0,0,0
C001470,18,5104318.0,16.2,607144.0,4,1,4.0,Bandung,Basic,App,0,7285730.0,0,0
C001471,39,9424426.0,22.8,446128.0,6,0,5.0,Surabaya,Basic,Branch,0,5353541.0,0,0
C001472,52,5295308.0,22.4,932593.0,5,5,2.0,Jakarta,Silver,App,0,11191111.0,1,1
C001473,38,21360276.0,24.6,1618127.0,6,2,2.0,Jakarta,Basic,Web,1,19417522.0,1,1
C001474,18,13029239.0,81.3,1404849.0,5,1,4.0,Makassar,Basic,App,0,16858185.0,0,0
C001475,36,5508813.0,20.2,789054.0,7,2,3.0,Bandung,Basic,Web,0,9468646.0,0,0
C001476,36,10605458.0,33.6,835686.0,4,4,3.0,Surabaya,Basic,Web,0,10028231.0,1,1
C001477,63,9218148.0,32.8,1056930.0,3,3,2.0,Jakarta,Basic,App,0,12683166.0,1,1
C001478,21,,24.8,1008178.0,7,1,4.0,Makassar,Basic,Branch,0,12098131.0,1,1
C001479,33,12139103.0,10.1,1436909.0,5,3,1.0,Surabaya,Gold,Web,1,17242911.0,0,0
C001480,58,9910150.0,27.3,849511.0,2,1,3.0,,Silver,App,1,10194137.0,0,0
C001481,43,9007665.0,3.5,1345889.0,5,2,2.0,Jakarta,Gold,Branch,1,16150669.0,1,1
C001482,45,7817663.0,36.0,557406.0,2,1,4.0,Surabaya,Basic,Web,0,6688875.0,0,0
C001483,39,10140340.0,2.8,1140349.0,4,2,3.0,Jakarta,Silver,App,1,13684186.0,1,1
C001484,42,9075739.0,33.8,643030.0,3,0,2.0,Surabaya,Silver,App,1,7716365.0,0,0
C001485,47,8264282.0,15.5,992956.0,10,2,3.0,Surabaya,Gold,Branch,0,11915472.0,0,0
C001486,28,5623098.0,11.3,653640.0,4,2,4.0,Bandung,Basic,Web,0,7843682.0,0,0
C001487,49,20307961.0,42.9,1523008.0,4,0,4.0,Jakarta,Silver,App,0,18276098.0,0,0
C001488,22,,18.5,444790.0,4,2,2.0,Makassar,Basic,App,0,5337479.0,0,0
C001489,42,10121293.0,26.3,1570464.0,4,4,3.0,Surabaya,Basic,App,0,18845562.0,0,0
C001490,40,6708056.0,5.6,568534.0,8,1,5.0,Bandung,Basic,App,0,6822404.0,1,1
C001491,31,21056147.0,64.4,1020638.0,2,0,4.0,Surabaya,Basic,App,0,12247658.0,0,0
C001492,38,4867236.0,28.2,718248.0,3,1,1.0,Bandung,Gold,App,1,8618972.0,0,0
C001493,31,5339045.0,28.1,807000.0,3,4,3.0,Bandung,Gold,App,0,9684004.0,1,1
C001494,25,4692857.0,36.5,900257.0,2,0,3.0,Bandung,Silver,Web,0,10803086.0,0,0
C001495,34,9557702.0,1.5,1156487.0,3,1,2.0,Jakarta,Basic,Web,0,13877845.0,0,0
C001496,25,3759416.0,68.6,946476.0,5,0,2.0,Surabaya,Basic,Web,1,11357713.0,1,1
C001497,42,6148763.0,19.7,1476463.0,3,1,4.0,Makassar,Basic,App,0,17717555.0,0,0
C001498,24,2448903.0,66.0,288113.0,4,0,4.0,Surabaya,Silver,App,0,3457356.0,0,0
C001499,47,9130982.0,19.1,1212081.0,7,5,2.0,Surabaya,Basic,Web,0,14544968.0,0,0
C001500,24,6075859.0,15.9,659507.0,4,1,3.0,Surabaya,Silver,Web,1,7914082.0,0,0
C001501,31,3528985.0,34.8,310998.0,3,0,5.0,Jakarta,Basic,App,1,3731975.0,0,0
C001502,31,14534523.0,91.8,1535507.0,6,1,2.0,Bandung,Basic,Web,0,18426081.0,0,0
C001503,54,3897069.0,54.9,657685.0,3,3,2.0,Bandung,Basic,App,0,7892220.0,1,1
C001504,42,12400795.0,37.5,1286605.0,2,1,3.0,Jakarta,Basic,App,0,15439255.0,0,0
C001505,35,5440490.0,34.5,788091.0,4,2,2.0,Jakarta,Gold,Web,0,9457091.0,1,1
C001506,44,19303874.0,27.1,1702221.0,1,2,2.0,Makassar,Silver,App,0,20426657.0,0,0
C001507,18,12081729.0,64.1,1498464.0,1,3,4.0,Jakarta,Silver,App,1,17981568.0,0,0
C001508,37,4595213.0,43.6,723272.0,2,2,2.0,Surabaya,Basic,Branch,0,8679263.0,1,1
C001509,62,4830965.0,7.2,1270228.0,3,0,4.0,Makassar,Silver,App,0,15242738.0,0,0
C001510,40,,11.4,1042750.0,3,2,4.0,Makassar,Basic,Web,0,12513002.0,0,0
C001511,39,6924969.0,38.4,740187.0,6,4,2.0,Jakarta,Basic,App,0,8882247.0,0,0
C001512,45,7288539.0,9.7,971737.0,6,2,2.0,Jakarta,Silver,Branch,0,11660846.0,1,1
C001513,49,,28.0,1106268.0,6,1,3.0,Makassar,Basic,App,0,13275211.0,0,0
C001514,18,5299766.0,46.1,714836.0,1,2,1.0,Bandung,Silver,Branch,0,8578036.0,1,1
C001515,18,8411948.0,35.0,1401459.0,3,1,3.0,Surabaya,Silver,App,1,16817511.0,0,0
C001516,41,13524283.0,8.4,1359507.0,5,0,4.0,Makassar,Basic,Web,0,16314085.0,0,0
C001517,29,12484104.0,12.0,1296137.0,2,0,4.0,Jakarta,Basic,Web,0,15553645.0,0,0
C001518,54,7327648.0,35.8,784115.0,6,1,3.0,Jakarta,Basic,App,0,9409380.0,0,0
C001519,34,6824665.0,85.5,962368.0,6,3,2.0,Surabaya,Silver,Web,0,11548411.0,0,0
C001520,18,3074349.0,23.9,678436.0,3,2,,Surabaya,Basic,App,0,8141236.0,0,0
C001521,23,4475002.0,47.2,1378591.0,5,1,3.0,Surabaya,Silver,App,0,16543095.0,0,0
C001522,18,9530900.0,35.2,1002153.0,7,0,,Surabaya,Silver,App,0,12025832.0,0,0
C001523,35,7415752.0,15.4,884786.0,5,1,4.0,Surabaya,Basic,Web,0,10617435.0,0,0
C001524,36,8336566.0,47.5,1233878.0,10,1,3.0,Jakarta,Basic,App,0,14806540.0,1,1
C001525,33,14168639.0,5.4,1737615.0,6,0,4.0,Surabaya,Basic,Web,0,20851386.0,1,1
C001526,51,4163741.0,45.3,671373.0,2,1,3.0,Surabaya,Basic,Web,0,8056480.0,0,0
C001527,52,7025472.0,36.7,1074487.0,7,1,2.0,Surabaya,Gold,App,0,12893848.0,0,0
C001528,36,8874949.0,16.6,1282830.0,6,3,2.0,Bandung,Silver,App,1,15393958.0,0,0
C001529,18,5431165.0,10.5,746442.0,5,1,4.0,Bandung,Silver,Web,0,8957302.0,0,0
C001530,45,17579860.0,17.8,2589793.0,8,3,2.0,Surabaya,Basic,App,1,31077514.0,1,1
C001531,45,13186114.0,14.4,1040210.0,3,5,2.0,Surabaya,Basic,App,0,12482520.0,1,1
C001532,42,9384082.0,21.1,1566514.0,8,2,3.0,Surabaya,Basic,App,0,18798167.0,0,0
C001533,50,21461680.0,19.3,2769440.0,5,2,2.0,Jakarta,Gold,App,0,33233276.0,0,0
C001534,24,3508011.0,16.6,386707.0,6,2,2.0,Bandung,Silver,Web,0,4640481.0,0,0
C001535,62,7966076.0,5.2,1223011.0,5,2,2.0,Bandung,Basic,App,0,14676128.0,1,1
C001536,26,9785746.0,9.2,901928.0,4,3,1.0,,Gold,Branch,0,10823139.0,0,0
C001537,47,4837685.0,52.6,1132081.0,7,2,4.0,Bandung,Basic,Web,0,13584972.0,0,0
C001538,18,9438854.0,17.0,1100943.0,4,2,3.0,Surabaya,Silver,Branch,0,13211312.0,0,0
C001539,27,4352808.0,21.4,461262.0,4,1,3.0,Surabaya,Gold,Web,0,5535140.0,0,0
C001540,56,11696014.0,18.5,1843622.0,2,3,2.0,Surabaya,Silver,App,0,22123466.0,0,0
C001541,35,14314180.0,65.0,1904536.0,5,1,4.0,Surabaya,Gold,App,0,22854437.0,0,0
C001542,48,9292661.0,14.1,1019054.0,5,0,4.0,Surabaya,Silver,App,0,12228647.0,1,1
C001543,41,2887534.0,13.3,999539.0,3,2,3.0,Surabaya,Basic,Web,0,11994469.0,0,0
C001544,37,28204020.0,37.3,804142.0,2,1,4.0,Surabaya,Silver,Web,0,9649708.0,0,0
C001545,54,10913844.0,29.6,1471879.0,6,3,3.0,Surabaya,Silver,App,0,17662549.0,0,0
C001546,35,8093820.0,38.0,1448045.0,6,3,3.0,Bandung,Basic,Web,0,17376542.0,0,0
C001547,18,,36.4,592777.0,4,3,2.0,Jakarta,Gold,App,0,7113323.0,1,1
C001548,28,15847286.0,48.4,995772.0,1,4,1.0,Surabaya,Silver,Web,0,11949259.0,1,1
C001549,45,,8.1,705166.0,8,2,2.0,Surabaya,Basic,App,1,8461988.0,1,1
C001550,43,5098521.0,34.9,475906.0,3,1,5.0,Jakarta,Basic,App,0,5710878.0,0,0
C001551,19,13827607.0,13.4,1093197.0,5,2,2.0,Makassar,Basic,App,0,13118367.0,0,0
C001552,29,5511267.0,3.7,813841.0,6,3,3.0,Surabaya,Basic,Branch,0,9766097.0,0,0
C001553,31,5478289.0,36.2,571081.0,7,1,4.0,Bandung,Silver,Web,0,6852973.0,0,0
C001554,34,9742868.0,34.8,784234.0,5,0,4.0,Makassar,Silver,App,0,9410812.0,0,0
C001555,21,21306511.0,25.5,1543098.0,7,1,3.0,Bandung,Basic,App,0,18517175.0,0,0
C001556,30,19539039.0,48.9,2035310.0,5,1,3.0,Jakarta,Basic,App,0,24423715.0,0,0
C001557,29,9750152.0,13.5,1177016.0,6,2,4.0,Surabaya,Basic,App,0,14124190.0,0,0
C001558,47,10316594.0,40.3,1030775.0,3,3,2.0,Surabaya,Gold,Web,0,12369297.0,0,0
C001559,48,12363715.0,22.9,1100281.0,3,1,3.0,Jakarta,Gold,App,0,13203369.0,0,0
C001560,36,4007231.0,24.2,595696.0,3,1,1.0,Makassar,Basic,App,0,7148356.0,0,0
C001561,33,11401251.0,4.3,783732.0,4,0,2.0,Jakarta,Basic,App,0,9404789.0,1,1
C001562,40,5342540.0,49.3,488599.0,3,1,2.0,Surabaya,Gold,Web,0,5863185.0,0,0
C001563,28,9531523.0,33.8,1035373.0,0,2,4.0,Surabaya,Basic,App,0,12424470.0,0,0
C001564,24,7059218.0,39.3,751926.0,3,2,3.0,Surabaya,Silver,App,0,9023111.0,0,0
C001565,27,10539247.0,11.9,758457.0,4,1,4.0,Makassar,Basic,App,0,9101480.0,0,0
C001566,30,8536904.0,31.2,764271.0,5,3,3.0,Surabaya,Basic,Web,1,9171252.0,0,0
C001567,24,1500000.0,22.8,781845.0,3,1,4.0,Surabaya,Silver,Branch,0,9382145.0,0,0
C001568,40,8827148.0,35.1,635373.0,7,1,,,Basic,App,0,7624479.0,0,0
C001569,47,11388746.0,30.2,1413319.0,9,0,4.0,Surabaya,Silver,App,1,16959829.0,0,0
C001570,19,10223634.0,73.2,1167378.0,2,0,4.0,Surabaya,Gold,Web,1,14008541.0,0,0
C001571,38,45366720.0,59.1,937557.0,2,2,5.0,Surabaya,Basic,App,0,11250683.0,0,0
C001572,35,19739673.0,20.9,1581104.0,12,0,3.0,Jakarta,Basic,App,0,18973246.0,0,0
C001573,42,9494349.0,36.2,951928.0,4,0,,Surabaya,Silver,App,0,11423138.0,0,0
C001574,38,10177321.0,19.6,1203242.0,2,1,3.0,Surabaya,Silver,App,0,14438908.0,0,0
C001575,21,14209519.0,48.1,1773912.0,4,1,3.0,Jakarta,Basic,Web,0,21286938.0,0,0
C001576,23,9765616.0,23.6,1003316.0,1,4,3.0,Jakarta,Basic,App,0,12039792.0,0,0
C001577,38,4881887.0,17.6,800567.0,0,0,5.0,Jakarta,Basic,App,0,9606801.0,0,0
C001578,50,2092493.0,30.9,379961.0,1,1,4.0,Jakarta,Basic,App,0,4559528.0,1,1
C001579,18,6153525.0,56.2,800052.0,3,1,3.0,Jakarta,Silver,App,0,9600628.0,0,0
C001580,42,12157686.0,50.5,1367249.0,7,3,3.0,Bandung,Gold,Branch,1,16406983.0,0,0
C001581,52,6587926.0,18.4,626077.0,8,2,3.0,Surabaya,Silver,App,0,7512920.0,0,0
C001582,36,,69.1,1281372.0,5,0,5.0,Surabaya,Silver,Branch,0,15376461.0,0,0
C001583,45,8681914.0,12.5,1472787.0,3,2,4.0,Jakarta,Silver,Branch,0,17673441.0,0,0
C001584,30,16246506.0,15.9,1998222.0,5,1,3.0,Surabaya,Basic,App,0,23978658.0,0,0
C001585,37,6801018.0,46.7,1445161.0,2,2,4.0,Surabaya,Basic,Branch,0,17341928.0,0,0
C001586,19,10346308.0,3.7,973702.0,5,1,4.0,Surabaya,Basic,App,0,11684421.0,0,0
C001587,18,10566391.0,26.3,577285.0,5,2,4.0,Bandung,Basic,App,0,6927424.0,0,0
C001588,49,18271136.0,20.9,987604.0,6,1,4.0,Bandung,Gold,Web,0,11851249.0,1,1
C001589,26,3129243.0,71.7,531916.0,3,0,5.0,Surabaya,Silver,App,0,6382991.0,0,0
C001590,33,6217183.0,10.7,552153.0,2,2,3.0,Surabaya,Basic,Web,0,6625841.0,0,0
C001591,21,12757577.0,11.7,1439296.0,4,4,2.0,Surabaya,Basic,Branch,0,17271549.0,1,1
C001592,21,18721725.0,78.0,1280418.0,4,1,3.0,Surabaya,Basic,Branch,0,15365016.0,0,0
C001593,36,9129226.0,21.0,810155.0,5,1,3.0,Surabaya,Basic,App,0,9721856.0,0,0
C001594,29,6810423.0,54.8,780820.0,1,2,3.0,Surabaya,Silver,Web,0,9369840.0,1,1
C001595,43,12132122.0,18.5,1402378.0,5,1,3.0,Jakarta,Gold,Web,0,16828535.0,0,0
C001596,43,12900009.0,15.4,1162462.0,5,3,3.0,Makassar,Basic,App,0,13949545.0,0,0
C001597,42,6564180.0,56.5,628228.0,7,0,3.0,Surabaya,Silver,App,0,7538730.0,1,1
C001598,41,9593738.0,90.1,872867.0,4,1,3.0,Surabaya,Silver,Web,1,10474404.0,0,0
C001599,57,15313450.0,59.3,1614693.0,3,1,2.0,Jakarta,Basic,App,0,19376315.0,0,0
C001600,25,22628134.0,17.6,2277740.0,5,1,4.0,Surabaya,Basic,Web,0,27332878.0,0,0
C001601,37,12035664.0,25.5,1044190.0,5,0,4.0,Surabaya,Basic,App,0,12530278.0,0,0
C001602,52,,12.2,732409.0,4,2,3.0,Surabaya,Silver,Web,0,8788910.0,0,0
C001603,53,7765573.0,14.0,781223.0,4,2,4.0,Jakarta,Silver,App,0,9374676.0,0,0
C001604,21,10870032.0,13.4,1036617.0,6,1,3.0,Surabaya,Silver,App,0,12439398.0,0,0
C001605,34,7506892.0,18.9,944499.0,2,0,3.0,Surabaya,Silver,Web,0,11333986.0,0,0
C001606,54,8879487.0,28.5,897658.0,7,0,4.0,Jakarta,Basic,App,0,10771898.0,0,0
C001607,44,4470989.0,26.3,615004.0,2,1,5.0,Surabaya,Basic,Web,1,7380046.0,0,0
C001608,40,16327046.0,42.4,1820266.0,6,0,4.0,Bandung,Basic,App,0,21843190.0,0,0
C001609,35,4273102.0,29.6,468335.0,1,0,3.0,Surabaya,Silver,App,0,5620020.0,0,0
C001610,33,,39.7,826208.0,6,3,3.0,Surabaya,Basic,Branch,0,9914499.0,1,1
C001611,41,8441144.0,44.0,1140178.0,9,5,3.0,Surabaya,Gold,App,1,13682137.0,0,0
C001612,35,23914485.0,17.9,2523189.0,3,3,3.0,Bandung,Basic,App,0,30278271.0,1,1
C001613,37,6340552.0,23.2,1045359.0,2,1,4.0,Surabaya,Basic,App,0,12544307.0,0,0
C001614,39,,120.0,700481.0,5,1,4.0,,Silver,App,0,8405768.0,0,0
C001615,30,5909092.0,16.7,739311.0,7,1,4.0,Surabaya,Silver,Branch,0,8871734.0,1,1
C001616,44,19922206.0,41.2,1455666.0,5,2,5.0,Makassar,Silver,App,0,17467993.0,0,0
C001617,73,1703442.0,8.7,221675.0,0,2,2.0,Makassar,Basic,App,0,2660099.0,0,0
C001618,18,,44.8,422858.0,3,1,5.0,Jakarta,Basic,App,0,5074296.0,0,0
C001619,42,35932793.0,14.6,2687485.0,3,0,4.0,Surabaya,Silver,App,0,32249818.0,0,0
C001620,29,11072081.0,26.9,960032.0,5,2,5.0,Surabaya,Basic,Web,0,11520386.0,1,1
C001621,45,,7.4,601384.0,4,0,3.0,Surabaya,Basic,App,0,7216602.0,0,0
C001622,39,7817671.0,25.0,841642.0,3,0,4.0,Surabaya,Basic,App,0,10099707.0,0,0
C001623,47,,25.4,921295.0,2,2,3.0,Makassar,Silver,App,0,11055540.0,0,0
C001624,52,12740813.0,22.6,1090166.0,5,0,4.0,Jakarta,Basic,App,0,13081995.0,0,0
C001625,40,22002754.0,35.3,2193119.0,2,3,3.0,Surabaya,Basic,Branch,1,26317424.0,0,0
C001626,52,9906043.0,53.4,1191510.0,6,1,4.0,Bandung,Gold,Web,0,14298125.0,0,0
C001627,18,5945044.0,11.7,598883.0,0,2,4.0,Surabaya,Basic,App,1,7186592.0,1,1
C001628,57,12333732.0,23.0,1465695.0,3,0,4.0,Jakarta,Basic,App,0,17588337.0,1,1
C001629,43,5448839.0,7.9,4954768.0,5,1,,Surabaya,Basic,Web,0,59457216.0,0,0
C001630,51,4531740.0,4.7,904860.0,3,0,4.0,Surabaya,Basic,App,0,10858318.0,0,0
C001631,23,3038888.0,29.3,433658.0,3,0,3.0,Surabaya,Silver,App,0,5203891.0,0,0
C001632,28,3382520.0,10.9,402809.0,4,0,3.0,Surabaya,Basic,Branch,0,4833714.0,0,0
C001633,40,4886111.0,26.1,510392.0,2,0,2.0,Makassar,Basic,Web,1,6124709.0,1,1
C001634,38,4185630.0,30.1,375041.0,2,0,4.0,Makassar,Basic,App,0,4500490.0,0,0
C001635,41,9504084.0,5.7,799721.0,1,3,,Surabaya,Basic,App,0,9596655.0,0,0
C001636,51,4136171.0,33.4,729400.0,4,3,3.0,Bandung,Basic,Web,0,8752802.0,0,0
C001637,18,1500000.0,51.8,314416.0,2,0,3.0,Surabaya,Basic,Web,0,3772994.0,0,0
C001638,50,4505460.0,38.7,756868.0,8,1,3.0,Surabaya,Basic,App,1,9082413.0,0,0
C001639,38,6171357.0,11.9,1392273.0,4,0,4.0,Surabaya,Silver,App,0,16707276.0,0,0
C001640,36,5734178.0,24.9,1006197.0,2,1,3.0,Surabaya,Basic,Branch,1,12074370.0,0,0
C001641,20,18452136.0,26.9,1728609.0,5,0,3.0,Surabaya,Basic,App,0,20743307.0,1,1
C001642,44,5708710.0,23.3,565728.0,4,2,4.0,Jakarta,Basic,Web,0,6788736.0,0,0
C001643,18,12987008.0,8.3,726164.0,1,2,4.0,Jakarta,Basic,Branch,0,8713969.0,0,0
C001644,46,7916911.0,13.6,1340808.0,4,0,4.0,Surabaya,Basic,App,0,16089697.0,0,0
C001645,20,7816008.0,21.8,566140.0,6,1,3.0,Surabaya,Basic,Branch,0,6793675.0,1,1
C001646,39,5053001.0,29.8,917033.0,6,2,3.0,Jakarta,Basic,App,1,11004391.0,0,0
C001647,37,7745493.0,16.7,1077600.0,5,1,3.0,Makassar,Basic,Web,0,12931198.0,0,0
C001648,52,5252156.0,4.2,558275.0,3,2,3.0,Surabaya,Basic,App,0,6699297.0,0,0
C001649,36,8784202.0,17.5,1218143.0,8,3,1.0,Surabaya,Basic,App,0,14617718.0,0,0
C001650,30,7025204.0,73.1,976367.0,6,0,3.0,Makassar,Basic,Web,0,11716398.0,0,0
C001651,32,4758327.0,33.6,1052914.0,2,0,,Jakarta,Basic,Web,0,12634967.0,0,0
C001652,53,13804345.0,29.2,1004128.0,3,2,3.0,Bandung,Gold,App,0,12049532.0,0,0
C001653,44,10116865.0,13.4,769611.0,0,0,5.0,Surabaya,Silver,App,0,9235335.0,0,0
C001654,33,6252660.0,18.1,555228.0,1,0,5.0,Makassar,Silver,App,0,6662741.0,0,0
C001655,35,8666480.0,3.8,785323.0,3,1,3.0,Bandung,Basic,Branch,0,9423879.0,0,0
C001656,19,7639553.0,12.7,1174182.0,4,2,3.0,Surabaya,Silver,Web,0,14090184.0,0,0
C001657,43,4964271.0,32.4,782513.0,3,1,4.0,Surabaya,Silver,App,0,9390153.0,0,0
C001658,18,8316275.0,29.4,661546.0,2,2,4.0,Jakarta,Basic,App,0,7938558.0,0,0
C001659,47,5685307.0,15.4,625937.0,4,1,4.0,,Silver,Branch,1,7511249.0,0,0
C001660,40,4757527.0,23.3,589917.0,4,1,3.0,Surabaya,Silver,Web,0,7079006.0,0,0
C001661,67,3276971.0,26.3,794359.0,7,1,3.0,Surabaya,Basic,Web,0,9532302.0,1,1
C001662,25,,16.1,681695.0,7,3,3.0,Surabaya,Basic,Web,0,8180344.0,0,0
C001663,37,10927422.0,34.9,1264877.0,0,4,3.0,Bandung,Basic,App,0,15178522.0,1,1
C001664,60,5459618.0,29.0,677097.0,2,2,2.0,Surabaya,Basic,App,0,8125159.0,1,1
C001665,52,32003054.0,18.6,2347064.0,10,0,4.0,Surabaya,Silver,App,0,28164768.0,0,0
C001666,30,13021068.0,8.8,1382123.0,5,5,2.0,Jakarta,Silver,App,0,16585482.0,0,0
C001667,41,16392487.0,17.6,1579983.0,8,0,,Jakarta,Basic,Web,0,18959791.0,0,0
C001668,38,12389201.0,16.7,761142.0,6,1,4.0,Surabaya,Basic,Web,0,9133704.0,0,0
C001669,41,22165062.0,15.4,1897469.0,2,0,2.0,,Silver,Branch,0,22769628.0,0,0
C001670,30,,5.9,753619.0,2,4,3.0,Surabaya,Basic,App,0,9043425.0,1,1
C001671,37,1956263.0,60.9,429237.0,4,3,2.0,Bandung,Silver,Web,0,5150838.0,0,0
C001672,19,6259326.0,59.0,552836.0,3,2,2.0,Surabaya,Silver,Branch,0,6634030.0,1,1
C001673,40,10874948.0,22.7,1065094.0,3,2,2.0,Surabaya,Silver,App,0,12781126.0,0,0
C001674,43,8695241.0,29.7,954039.0,6,0,4.0,Makassar,Silver,App,0,11448464.0,0,0
C001675,35,9308719.0,34.5,944018.0,2,2,1.0,Surabaya,Silver,Branch,0,11328218.0,0,0
C001676,19,16542652.0,22.9,924875.0,5,2,3.0,Bandung,Silver,App,0,11098504.0,0,0
C001677,50,9870724.0,31.2,917174.0,6,1,3.0,Jakarta,Gold,Web,0,11006091.0,1,1
C001678,42,,37.9,1648342.0,5,1,2.0,Surabaya,Silver,App,0,19780099.0,0,0
C001679,29,4771602.0,28.3,1044564.0,5,2,3.0,Makassar,Basic,App,0,12534774.0,0,0
C001680,35,4379677.0,42.4,969118.0,6,1,2.0,Surabaya,Gold,Branch,1,11629414.0,0,0
C001681,20,19437500.0,15.0,2877238.0,4,0,4.0,Bandung,Gold,App,0,34526857.0,0,0
C001682,26,8456517.0,24.9,581663.0,5,4,1.0,Surabaya,Basic,App,0,6979961.0,1,1
C001683,32,5678377.0,118.2,573393.0,7,3,5.0,Surabaya,Silver,App,0,6880710.0,0,0
C001684,53,5684110.0,49.1,1037529.0,3,2,4.0,Surabaya,Gold,App,1,12450352.0,0,0
C001685,30,5598081.0,28.7,764916.0,4,1,4.0,Surabaya,Basic,App,0,9178994.0,0,0
C001686,46,5416848.0,11.7,950873.0,0,1,2.0,Surabaya,Basic,Web,0,11410472.0,0,0
C001687,32,3949979.0,25.8,504774.0,5,4,2.0,Surabaya,Basic,App,1,6057287.0,0,0
C001688,41,3505069.0,47.0,670816.0,4,2,3.0,Surabaya,Silver,App,0,8049798.0,0,0
C001689,36,7186391.0,40.7,1202680.0,4,1,4.0,Surabaya,Gold,App,0,14432159.0,0,0
C001690,48,5773811.0,4.6,4913472.0,6,0,4.0,Surabaya,Basic,Web,1,58961664.0,1,1
C001691,32,14707817.0,6.1,1498676.0,4,2,3.0,Jakarta,Silver,App,0,17984113.0,0,0
C001692,19,9399286.0,6.4,1220965.0,4,1,4.0,Jakarta,Silver,Branch,0,14651578.0,0,0
C001693,21,9256873.0,34.9,943074.0,5,1,3.0,Jakarta,Silver,Branch,0,11316894.0,0,0
C001694,32,5316022.0,6.5,1424549.0,3,1,4.0,Jakarta,Silver,App,0,17094592.0,0,0
C001695,23,7484812.0,11.3,552423.0,2,1,3.0,Surabaya,Silver,App,0,6629077.0,0,0
C001696,43,9757070.0,22.3,804979.0,1,1,2.0,,Basic,Web,0,9659751.0,0,0
C001697,32,11862109.0,52.1,1364860.0,5,1,5.0,Jakarta,Basic,App,0,16378319.0,0,0
C001698,66,7597362.0,36.0,1117092.0,5,2,3.0,Surabaya,Basic,Web,0,13405106.0,0,0
C001699,18,14482769.0,20.4,1503022.0,3,1,5.0,Jakarta,Basic,Branch,0,18036262.0,1,1
C001700,40,8035230.0,43.2,837221.0,3,1,3.0,Surabaya,Silver,Web,0,10046649.0,0,0
C001701,24,12372886.0,86.9,1070564.0,4,0,5.0,Surabaya,Gold,App,0,12846765.0,0,0
C001702,32,6110587.0,26.0,852659.0,6,2,3.0,Surabaya,Basic,App,0,10231910.0,0,0
C001703,40,2952103.0,8.3,490342.0,1,4,4.0,Jakarta,Silver,App,1,5884106.0,0,0
C001704,18,9272370.0,11.6,1550582.0,4,3,3.0,Makassar,Basic,App,0,18606987.0,0,0
C001705,41,11921813.0,11.5,1040790.0,3,3,3.0,Jakarta,Basic,Web,0,12489482.0,0,0
C001706,61,,13.8,1384267.0,10,1,3.0,Bandung,Basic,App,0,16611202.0,0,0
C001707,33,10091003.0,19.3,714137.0,6,1,3.0,Jakarta,Basic,Web,0,8569639.0,0,0
C001708,41,6604285.0,30.5,355660.0,5,1,4.0,Makassar,Gold,Web,0,4267924.0,0,0
C001709,50,5133210.0,7.2,657725.0,1,6,2.0,Bandung,Basic,App,0,7892702.0,0,0
C001710,36,10836197.0,8.5,1088541.0,2,0,4.0,Surabaya,Basic,Web,0,13062493.0,0,0
C001711,31,10114678.0,37.7,1353825.0,9,0,4.0,Surabaya,Basic,Web,0,16245903.0,0,0
C001712,18,5876416.0,16.8,656466.0,4,0,5.0,Makassar,Silver,App,1,7877597.0,0,0
C001713,46,14726150.0,12.6,985547.0,3,0,4.0,Jakarta,Basic,Web,0,11826561.0,0,0
C001714,37,4922741.0,21.0,968525.0,8,2,2.0,surabaya,Gold,App,0,11622300.0,0,0
C001715,26,5803747.0,58.1,1083585.0,4,5,2.0,Jakarta,Silver,Web,0,13003015.0,0,0
C001716,40,19677491.0,41.2,1371609.0,2,1,3.0,Surabaya,Basic,Branch,0,16459310.0,1,1
C001717,31,12899152.0,39.3,1311909.0,4,1,3.0,Bandung,Basic,Web,0,15742905.0,0,0
C001718,32,6570148.0,71.4,1089582.0,3,2,4.0,Jakarta,Silver,App,0,13074986.0,0,0
C001719,45,9369886.0,31.5,968206.0,5,1,4.0,Bandung,Silver,App,0,11618468.0,0,0
C001720,22,8710919.0,75.6,1487673.0,4,1,3.0,Jakarta,Basic,Branch,1,17852075.0,0,0
C001721,51,1767125.0,79.4,145157.0,2,2,5.0,Surabaya,Basic,Web,0,1741886.0,0,0
C001722,21,4859234.0,7.4,519708.0,3,3,3.0,Makassar,Basic,App,0,6236491.0,1,1
C001723,30,7779374.0,5.6,1064804.0,6,0,3.0,Surabaya,Gold,Web,0,12777653.0,0,0
C001724,61,6575202.0,10.9,671576.0,5,1,2.0,Bandung,Silver,App,0,8058917.0,0,0
C001725,52,9164597.0,54.4,1383225.0,8,2,2.0,,Basic,Branch,0,16598702.0,0,0
C001726,39,14889508.0,21.3,1750010.0,4,1,2.0,Surabaya,Basic,App,0,21000116.0,0,0
C001727,27,6703279.0,19.4,673464.0,6,1,4.0,Jakarta,Basic,App,0,8081565.0,0,0
C001728,32,4471533.0,44.0,705064.0,3,2,4.0,Jakarta,Gold,App,0,8460770.0,0,0
C001729,39,9564994.0,16.1,1190675.0,6,0,3.0,Makassar,Basic,App,0,14288105.0,0,0
C001730,38,6684549.0,28.7,843460.0,5,6,2.0,Bandung,Basic,Web,0,10121523.0,0,0
C001731,37,7341966.0,37.6,301185.0,1,3,4.0,Surabaya,Silver,Web,1,3614218.0,0,0
C001732,38,6813909.0,11.8,1044385.0,4,2,1.0,Bandung,Basic,Web,1,12532625.0,0,0
C001733,35,,9.5,2441830.0,5,4,4.0,Makassar,Silver,App,0,29301965.0,0,0
C001734,21,,25.9,313602.0,7,1,4.0,Makassar,Basic,Web,0,3763230.0,0,0
C001735,32,6461477.0,28.3,746985.0,5,5,3.0,Makassar,Silver,Web,1,8963817.0,0,0
C001736,49,7983785.0,41.8,1045481.0,2,2,4.0,Jakarta,Silver,Web,0,12545773.0,0,0
C001737,22,5206007.0,10.6,957236.0,4,1,2.0,Bandung,Basic,Web,0,11486833.0,1,1
C001738,36,13122729.0,14.2,1163408.0,8,5,2.0,Jakarta,Gold,App,0,13960899.0,0,0
C001739,28,12512564.0,78.9,1407439.0,4,1,4.0,Surabaya,Gold,Branch,0,16889274.0,0,0
C001740,39,7792615.0,48.4,839427.0,10,5,2.0,Bandung,Basic,App,0,10073120.0,0,0
C001741,33,6893445.0,22.8,801227.0,2,2,4.0,Surabaya,Silver,Web,0,9614725.0,0,0
C001742,56,7522250.0,53.5,790674.0,8,1,5.0,Surabaya,Silver,App,0,9488092.0,0,0
C001743,44,7551973.0,10.7,851776.0,8,1,4.0,Surabaya,Basic,App,0,10221308.0,0,0
C001744,22,7662485.0,20.9,1019550.0,2,1,3.0,Surabaya,Basic,App,1,12234594.0,0,0
C001745,46,7214133.0,28.1,1639937.0,5,1,4.0,Bandung,Basic,Branch,0,19679242.0,0,0
C001746,29,9191588.0,19.2,1018099.0,7,0,2.0,Surabaya,Basic,Web,0,12217186.0,0,0
C001747,31,12106084.0,19.7,1297338.0,4,1,4.0,Jakarta,Silver,App,0,15568051.0,0,0
C001748,42,4066564.0,40.4,833801.0,6,1,4.0,Jakarta,Silver,Branch,0,10005611.0,0,0
C001749,32,,48.8,830794.0,5,1,3.0,Jakarta,Basic,App,1,9969522.0,0,0
C001750,49,3057986.0,17.6,435729.0,3,2,4.0,Surabaya,Silver,Web,0,5228743.0,1,1
C001751,29,12883663.0,7.8,1707895.0,4,0,4.0,Jakarta,Basic,Branch,0,20494741.0,0,0
C001752,31,9180846.0,6.3,785909.0,7,2,3.0,Surabaya,Basic,Web,0,9430907.0,0,0
C001753,30,10562803.0,3.4,1029264.0,1,2,5.0,,Basic,App,1,12351162.0,1,1
C001754,31,3644494.0,70.6,452074.0,4,3,2.0,Surabaya,Basic,Branch,0,5424894.0,1,1
C001755,51,21352376.0,40.5,2706537.0,4,2,4.0,Makassar,Silver,Web,0,32478443.0,0,0
C001756,46,5723460.0,34.6,569909.0,5,3,4.0,Surabaya,Basic,App,0,6838912.0,0,0
C001757,59,8775421.0,15.9,713980.0,7,2,4.0,Surabaya,Gold,Web,1,8567758.0,0,0
C001758,65,12798822.0,15.8,1319913.0,2,1,3.0,Makassar,Basic,App,0,15838959.0,0,0
C001759,26,4648770.0,49.9,516740.0,3,4,3.0,Jakarta,Basic,App,0,6200875.0,0,0
C001760,39,5923711.0,5.6,497401.0,2,1,3.0,Surabaya,Basic,Web,0,5968807.0,0,0
C001761,24,8828508.0,18.2,1049636.0,8,1,3.0,Jakarta,Silver,Web,0,12595636.0,0,0
C001762,29,38515152.0,54.7,3244699.0,5,0,4.0,Surabaya,Basic,App,0,38936390.0,0,0
C001763,30,9440983.0,18.2,875278.0,6,3,2.0,Surabaya,Basic,Web,0,10503336.0,1,1
C001764,25,19354795.0,39.1,1925066.0,1,0,3.0,Surabaya,Basic,Branch,0,23100789.0,0,0
C001765,25,15526710.0,23.5,1164510.0,4,0,3.0,Surabaya,Silver,App,1,13974115.0,0,0
C001766,36,9794755.0,1.2,525951.0,6,3,3.0,Surabaya,Basic,App,0,6311407.0,0,0
C001767,23,4643108.0,22.8,951738.0,4,2,5.0,Surabaya,Gold,App,0,11420861.0,0,0
C001768,48,14329295.0,26.2,1534425.0,5,2,5.0,Bandung,Basic,Branch,0,18413106.0,0,0
C001769,27,21057156.0,21.5,779891.0,2,0,3.0,Surabaya,Basic,App,0,9358694.0,0,0
C001770,72,19296483.0,9.1,2056459.0,6,3,2.0,Surabaya,Gold,App,0,24677503.0,0,0
C001771,33,8930251.0,21.7,1532776.0,2,3,3.0,Surabaya,Basic,Branch,0,18393312.0,0,0
C001772,39,1862312.0,3.7,482972.0,5,3,4.0,,Basic,Web,1,5795660.0,1,1
C001773,22,6633703.0,18.1,1051710.0,3,1,3.0,,Silver,App,0,12620523.0,0,0
C001774,58,11462867.0,41.2,1972476.0,3,5,3.0,Surabaya,Basic,Branch,0,23669711.0,0,0
C001775,51,,68.1,432323.0,3,0,4.0,Makassar,Basic,App,0,5187880.0,1,1
C001776,42,11854348.0,60.9,796536.0,5,1,2.0,Surabaya,Basic,App,0,9558430.0,0,0
C001777,22,5012467.0,10.4,500802.0,3,1,4.0,Surabaya,Silver,App,0,6009622.0,0,0
C001778,41,3900681.0,6.6,570582.0,3,2,2.0,Jakarta,Silver,Web,0,6846990.0,0,0
C001779,25,7691736.0,28.1,790333.0,3,2,3.0,,Silver,App,0,9484000.0,0,0
C001780,56,8140102.0,25.0,1047258.0,2,2,3.0,Surabaya,Gold,Web,0,12567091.0,0,0
C001781,48,6605021.0,37.1,1090432.0,5,2,4.0,Jakarta,Silver,Web,0,13085185.0,0,0
C001782,39,,14.8,1185851.0,4,1,3.0,Makassar,Basic,App,1,14230216.0,0,0
C001783,18,5011962.0,25.6,774700.0,2,1,3.0,Makassar,Silver,Branch,0,9296397.0,0,0
C001784,26,9503714.0,24.6,1271803.0,5,0,5.0,Jakarta,Silver,Web,0,15261631.0,0,0
C001785,46,8304728.0,18.5,1223565.0,4,0,3.0,Surabaya,Basic,App,0,14682779.0,0,0
C001786,53,3398206.0,5.2,518742.0,3,2,3.0,Jakarta,Silver,App,0,6224900.0,0,0
C001787,51,3872789.0,40.8,556942.0,5,4,3.0,Makassar,Basic,App,0,6683310.0,0,0
C001788,19,,28.3,875331.0,1,1,4.0,Jakarta,Basic,App,0,10503974.0,0,0
C001789,42,,42.8,1858902.0,6,2,2.0,Surabaya,Silver,Branch,0,22306828.0,1,1
C001790,50,11001591.0,49.8,1368064.0,5,0,3.0,Makassar,Basic,App,0,16416770.0,0,0
C001791,18,18580302.0,23.0,773019.0,8,1,4.0,Makassar,Basic,App,0,9276222.0,0,0
C001792,38,1500000.0,41.0,723478.0,9,1,4.0,Surabaya,Basic,Web,0,8681732.0,0,0
C001793,41,11972604.0,69.1,1093344.0,11,1,3.0,Jakarta,Silver,Branch,1,13120133.0,0,0
C001794,34,7587667.0,83.8,1292891.0,3,1,2.0,Bandung,Silver,App,0,15514693.0,0,0
C001795,18,14986321.0,30.8,1295826.0,6,1,3.0,Surabaya,Gold,App,0,15549907.0,0,0
C001796,34,4928559.0,32.5,854418.0,5,2,5.0,Makassar,Silver,Web,0,10253020.0,1,1
C001797,34,9699346.0,30.4,1728655.0,3,1,3.0,Surabaya,Gold,Branch,1,20743859.0,0,0
C001798,36,12741150.0,36.2,1330061.0,2,2,3.0,Surabaya,Basic,Web,0,15960728.0,0,0
C001799,31,6254721.0,48.4,785407.0,5,3,3.0,Makassar,Basic,Web,0,9424882.0,0,0
C001800,33,,29.9,330584.0,5,1,4.0,Makassar,Silver,App,0,3967011.0,0,0
C001801,38,8111932.0,80.7,867418.0,4,2,3.0,Surabaya,Silver,Branch,0,10409022.0,0,0
C001802,43,10782382.0,73.4,994739.0,4,1,4.0,Bandung,Gold,Web,0,11936871.0,0,0
C001803,34,7937178.0,26.2,900156.0,7,1,5.0,Jakarta,Silver,Web,0,10801877.0,0,0
C001804,33,13669123.0,26.1,991298.0,3,1,,Bandung,Basic,Branch,0,11895577.0,0,0
C001805,39,6205135.0,17.5,1020909.0,4,2,2.0,Surabaya,Silver,Branch,1,12250910.0,0,0
C001806,18,3852893.0,37.6,594134.0,5,1,3.0,Makassar,Basic,App,0,7129605.0,0,0
C001807,44,23730900.0,19.8,2151969.0,3,1,4.0,Jakarta,Basic,App,0,25823623.0,0,0
C001808,38,5736751.0,16.8,1583748.0,7,0,4.0,Bandung,Silver,App,0,19004975.0,0,0
C001809,38,5852087.0,37.0,460932.0,2,1,4.0,Surabaya,Silver,Branch,0,5531182.0,0,0
C001810,50,7715642.0,9.9,1058777.0,4,0,2.0,Surabaya,Basic,App,1,12705318.0,0,0
C001811,18,8301126.0,49.0,785864.0,7,3,3.0,Surabaya,Silver,Web,0,9430362.0,0,0
C001812,18,6467344.0,38.1,833230.0,8,1,1.0,Surabaya,Gold,App,1,9998758.0,1,1
C001813,41,7923657.0,71.0,821558.0,6,2,4.0,Makassar,Basic,App,0,9858696.0,0,0
C001814,38,,31.2,785177.0,3,1,5.0,Jakarta,Basic,App,0,9422126.0,0,0
C001815,40,8807399.0,42.2,699326.0,3,2,3.0,Jakarta,Basic,Branch,0,8391916.0,0,0
C001816,32,2187640.0,46.0,539519.0,8,1,1.0,Surabaya,Basic,App,0,6474227.0,1,1
C001817,46,22509186.0,57.7,2218942.0,5,3,3.0,Jakarta,Basic,Web,0,26627300.0,0,0
C001818,49,7377486.0,28.7,378489.0,5,0,5.0,Surabaya,Basic,App,0,4541872.0,0,0
C001819,44,11009780.0,17.4,804204.0,2,0,4.0,Bandung,Basic,App,0,9650453.0,0,0
C001820,35,3748988.0,31.7,564561.0,6,1,5.0,surabaya,Basic,App,0,6774737.0,0,0
C001821,18,,48.9,1162922.0,2,2,3.0,Surabaya,Basic,App,0,13955066.0,0,0
C001822,47,5527125.0,53.3,665646.0,2,2,5.0,Surabaya,Gold,Web,0,7987747.0,0,0
C001823,53,17953581.0,5.2,1696501.0,2,3,1.0,Surabaya,Basic,App,0,20358015.0,1,1
C001824,46,5796441.0,120.0,552531.0,5,3,,Jakarta,Basic,App,0,6630371.0,0,0
C001825,27,12138540.0,16.9,1402585.0,3,3,2.0,Jakarta,Basic,App,0,16831018.0,0,0
C001826,46,5594088.0,42.7,425838.0,7,3,4.0,Surabaya,Gold,Branch,0,5110053.0,0,0
C001827,48,6237011.0,62.1,916159.0,8,1,2.0,Bandung,Basic,App,0,10993908.0,0,0
C001828,57,6989360.0,24.4,1102288.0,2,1,4.0,Makassar,Silver,Web,0,13227451.0,0,0
C001829,27,16208833.0,54.7,1427014.0,3,1,4.0,Jakarta,Basic,Branch,1,17124174.0,0,0
C001830,35,2829281.0,5.2,446693.0,7,2,3.0,Jakarta,Basic,Branch,0,5360315.0,1,1
C001831,47,3879967.0,56.0,501499.0,1,4,3.0,Surabaya,Basic,Web,0,6017983.0,0,0
C001832,39,2741277.0,51.6,326262.0,6,2,2.0,,Silver,Web,1,3915147.0,0,0
C001833,25,4398728.0,34.5,646367.0,2,2,4.0,Surabaya,Silver,Web,0,7756407.0,0,0
C001834,43,5119524.0,49.0,1016529.0,2,1,3.0,Surabaya,Basic,Web,1,12198350.0,0,0
C001835,45,3291939.0,74.7,458866.0,3,2,4.0,Surabaya,Gold,Branch,0,5506395.0,0,0
C001836,39,5342321.0,63.3,745982.0,3,0,5.0,Surabaya,Basic,App,1,8951784.0,0,0
C001837,41,,25.5,596203.0,5,0,3.0,Surabaya,Basic,Web,0,7154440.0,1,1
C001838,35,4570158.0,31.5,505756.0,6,3,4.0,Surabaya,Gold,Branch,0,6069074.0,0,0
C001839,56,15481918.0,22.4,2150344.0,5,2,3.0,Bandung,Basic,App,0,25804126.0,0,0
C001840,27,9988306.0,20.2,1100331.0,4,0,4.0,Surabaya,Silver,Web,1,13203974.0,0,0
C001841,31,8868882.0,45.8,568400.0,6,2,2.0,Surabaya,Silver,App,0,6820800.0,1,1
C001842,38,4608550.0,22.2,953461.0,3,0,3.0,Surabaya,Basic,App,0,11441531.0,0,0
C001843,49,3436986.0,45.7,388809.0,6,2,3.0,Surabaya,Basic,Web,0,4665708.0,1,1
C001844,20,4275520.0,24.4,538657.0,6,3,4.0,Surabaya,Gold,App,1,6463885.0,0,0
C001845,22,7812118.0,27.1,955093.0,3,0,3.0,Jakarta,Gold,App,0,11461112.0,0,0
C001846,18,12896278.0,13.4,1070619.0,4,3,4.0,Surabaya,Gold,Web,0,12847422.0,0,0
C001847,38,13141086.0,44.9,1705582.0,2,5,2.0,Surabaya,Silver,App,1,20466987.0,0,0
C001848,25,11316687.0,4.9,1266227.0,5,1,3.0,jakarta,Silver,App,1,15194723.0,1,1
C001849,33,5332314.0,57.4,1146875.0,4,3,2.0,Surabaya,Basic,App,0,13762496.0,0,0
C001850,46,8108752.0,101.1,1539576.0,5,1,2.0,Makassar,Silver,Branch,0,18474917.0,0,0
C001851,30,6703992.0,27.8,802811.0,2,2,3.0,Surabaya,Basic,App,1,9633728.0,0,0
C001852,41,7161985.0,26.9,1007353.0,4,5,2.0,Surabaya,Basic,Web,1,12088231.0,1,1
C001853,34,24529142.0,6.7,2212177.0,3,2,2.0,Surabaya,Silver,App,1,26546122.0,0,0
C001854,46,3035395.0,17.8,654975.0,1,1,4.0,Makassar,Basic,App,0,7859696.0,0,0
C001855,44,7031284.0,49.4,1627484.0,4,2,5.0,Surabaya,Basic,App,0,19529813.0,1,1
C001856,30,15578682.0,54.1,1762820.0,3,1,5.0,Jakarta,Silver,App,0,21153845.0,0,0
C001857,36,3572270.0,30.4,633606.0,0,1,3.0,Surabaya,Silver,Branch,0,7603272.0,0,0
C001858,51,5614657.0,47.5,476747.0,1,1,3.0,Makassar,Basic,Web,0,5720964.0,0,0
C001859,43,5980298.0,13.6,366334.0,2,3,3.0,Jakarta,Basic,App,0,4396004.0,0,0
C001860,21,7075458.0,35.6,1151597.0,5,2,3.0,Surabaya,Silver,App,0,13819159.0,0,0
C001861,46,3325650.0,67.3,835479.0,2,1,4.0,Jakarta,Basic,App,0,10025751.0,0,0
C001862,25,11098932.0,40.5,1109423.0,4,0,4.0,Jakarta,Basic,Web,0,13313077.0,1,1
C001863,55,11540927.0,74.0,222842.0,4,3,3.0,Surabaya,Silver,Web,0,2674099.0,1,1
C001864,50,10580873.0,75.4,1713739.0,9,2,3.0,Surabaya,Basic,Web,0,20564868.0,0,0
C001865,41,4956679.0,37.2,590199.0,7,0,4.0,Surabaya,Basic,Branch,0,7082386.0,0,0
C001866,40,8389849.0,0.4,694344.0,6,3,1.0,Surabaya,Basic,Web,0,8332125.0,0,0
C001867,35,4878069.0,53.4,591118.0,3,1,4.0,Jakarta,Gold,App,1,7093411.0,0,0
C001868,46,6662624.0,9.1,946679.0,1,1,2.0,Makassar,Silver,App,0,11360149.0,0,0
C001869,34,26149992.0,1.4,2696276.0,1,1,4.0,Jakarta,Silver,Branch,0,32355315.0,0,0
C001870,41,8432337.0,4.1,1040339.0,10,0,3.0,Surabaya,Silver,App,0,12484063.0,0,0
C001871,48,24979650.0,55.9,779034.0,4,1,5.0,Jakarta,Basic,App,0,9348411.0,0,0
C001872,31,8834160.0,37.4,963916.0,1,1,3.0,Surabaya,Basic,Web,0,11566987.0,0,0
C001873,31,3803622.0,31.0,324204.0,7,1,3.0,Jakarta,Basic,App,0,3890446.0,0,0
C001874,24,4137062.0,39.9,418049.0,5,2,4.0,Jakarta,Basic,App,0,5016586.0,0,0
C001875,25,4512376.0,4.4,888847.0,2,0,3.0,Jakarta,Basic,Web,0,10666168.0,0,0
C001876,18,6265581.0,22.3,1147494.0,5,2,4.0,Makassar,Gold,App,0,13769924.0,0,0
C001877,47,13393567.0,15.6,1542547.0,5,0,,Surabaya,Basic,Web,0,18510568.0,0,0
C001878,60,10996319.0,29.3,1449180.0,5,1,3.0,Bandung,Basic,App,0,17390157.0,0,0
C001879,55,10666297.0,30.1,713963.0,5,0,3.0,Bandung,Basic,Web,0,8567558.0,0,0
C001880,18,4371180.0,38.8,553697.0,6,3,3.0,Surabaya,Basic,Web,0,6644360.0,0,0
C001881,47,5940057.0,42.9,1067702.0,3,2,3.0,Bandung,Basic,App,0,12812419.0,0,0
C001882,55,9290962.0,4.7,878613.0,7,0,3.0,Surabaya,Gold,Web,0,10543358.0,0,0
C001883,33,5662500.0,22.5,575702.0,7,2,3.0,Jakarta,Basic,Web,0,6908428.0,1,1
C001884,39,6864341.0,26.5,1390718.0,3,1,3.0,Surabaya,Silver,Branch,0,16688618.0,0,0
C001885,18,10197971.0,8.8,1734421.0,2,2,3.0,Surabaya,Silver,App,0,20813048.0,0,0
C001886,41,6603611.0,8.0,1058131.0,5,0,3.0,Jakarta,Basic,Web,0,12697566.0,0,0
C001887,25,9059141.0,4.2,1210038.0,6,3,3.0,Surabaya,Basic,Branch,0,14520452.0,1,1
C001888,40,19210215.0,6.9,2013199.0,4,0,4.0,Surabaya,Basic,Web,0,24158384.0,0,0
C001889,19,7278459.0,47.3,1114109.0,9,3,3.0,Jakarta,Gold,Branch,0,13369308.0,1,1
C001890,45,15303435.0,5.6,1192190.0,6,0,4.0,Jakarta,Silver,App,0,14306274.0,0,0
C001891,50,10881837.0,6.7,796855.0,5,5,2.0,Surabaya,Basic,Web,1,9562261.0,0,0
C001892,29,3569617.0,28.4,3007096.0,1,0,4.0,Bandung,Basic,Web,0,36085152.0,0,0
C001893,24,4363464.0,35.5,820914.0,6,2,1.0,Makassar,Silver,App,0,9850971.0,0,0
C001894,18,5057963.0,25.9,770129.0,5,1,3.0,Surabaya,Basic,Web,0,9241548.0,0,0
C001895,35,29995332.0,10.5,365964.0,1,2,3.0,,Basic,App,0,4391564.0,0,0
C001896,31,7612428.0,8.1,679550.0,5,1,3.0,Makassar,Silver,Branch,0,8154603.0,1,1
C001897,19,11217732.0,27.9,1488168.0,2,1,3.0,Surabaya,Gold,Web,0,17858020.0,0,0
C001898,43,15955102.0,23.8,1680053.0,4,0,4.0,Makassar,Gold,Branch,0,20160638.0,0,0
C001899,33,9477664.0,19.4,1097711.0,7,2,4.0,Bandung,Silver,Web,0,13172537.0,0,0
C001900,25,6260861.0,45.9,909217.0,6,1,2.0,Bandung,Gold,Web,0,10910606.0,0,0
C001901,31,2545199.0,22.6,1043869.0,5,3,3.0,Surabaya,Basic,App,1,12526425.0,0,0
C001902,51,8316702.0,7.5,1166904.0,5,1,2.0,Bandung,Basic,Web,0,14002853.0,0,0
C001903,45,8114196.0,19.5,803726.0,3,1,4.0,Surabaya,Basic,App,0,9644713.0,0,0
C001904,36,8846769.0,38.3,1376454.0,3,0,3.0,Jakarta,Silver,Web,0,16517443.0,0,0
C001905,45,25479487.0,21.6,1589878.0,3,4,2.0,Surabaya,Silver,App,0,19078539.0,1,1
C001906,24,15827828.0,37.9,14407976.0,1,2,2.0,Bandung,Gold,Web,0,172895712.0,0,0
C001907,38,12320013.0,43.2,1408468.0,6,1,3.0,Bandung,Basic,App,0,16901612.0,1,1
C001908,40,4712880.0,22.7,1169736.0,7,1,2.0,Jakarta,Basic,Branch,0,14036833.0,0,0
C001909,32,6033302.0,25.8,671521.0,3,0,2.0,Surabaya,Basic,Branch,0,8058254.0,0,0
C001910,43,7593381.0,20.6,696181.0,7,1,4.0,Surabaya,Silver,Web,1,8354174.0,0,0
C001911,29,5222455.0,38.5,1169000.0,2,0,4.0,Surabaya,Silver,App,0,14027994.0,0,0
C001912,44,10534937.0,20.1,1389757.0,6,1,,Makassar,Silver,Web,0,16677079.0,0,0
C001913,45,9735134.0,35.9,1671058.0,7,1,2.0,Jakarta,Basic,Web,0,20052693.0,1,1
C001914,18,4396779.0,30.5,597549.0,2,4,2.0,Bandung,Basic,App,0,7170588.0,1,1
C001915,52,15451263.0,4.1,1335744.0,6,1,4.0,Bandung,Basic,Web,0,16028927.0,0,0
C001916,18,8463072.0,37.3,1057646.0,3,2,3.0,Jakarta,Basic,Branch,0,12691751.0,1,1
C001917,31,,28.4,356032.0,5,0,4.0,Surabaya,Basic,App,0,4272382.0,0,0
C001918,50,7777251.0,59.0,742312.0,6,1,3.0,Surabaya,Gold,App,0,8907747.0,0,0
C001919,34,9338121.0,9.2,713371.0,8,3,3.0,Surabaya,Silver,Branch,0,8560457.0,1,1
C001920,20,13660075.0,30.8,972045.0,7,1,3.0,Bandung,Silver,App,1,11664546.0,0,0
C001921,25,6644766.0,17.9,931325.0,6,5,3.0,Bandung,Basic,Branch,0,11175902.0,1,1
C001922,50,12614004.0,4.7,1354369.0,3,4,3.0,Surabaya,Basic,Web,0,16252424.0,1,1
C001923,18,8867294.0,3.2,1241963.0,5,2,3.0,Jakarta,Basic,App,0,14903552.0,0,0
C001924,52,,66.9,851087.0,6,0,4.0,Jakarta,Basic,Branch,0,10213041.0,0,0
C001925,37,3673334.0,30.9,319890.0,4,1,2.0,Jakarta,Basic,App,0,3838684.0,0,0
C001926,24,14832926.0,22.1,1654159.0,3,4,2.0,Jakarta,Basic,App,0,19849906.0,0,0
C001927,31,15444189.0,6.2,1983288.0,2,4,1.0,Surabaya,Gold,App,0,23799460.0,0,0
C001928,26,9554781.0,64.3,1343767.0,4,1,2.0,Jakarta,Gold,Branch,1,16125206.0,0,0
C001929,48,18211991.0,14.3,1916158.0,2,1,2.0,,Gold,App,0,22993901.0,0,0
C001930,47,14304540.0,31.9,1411662.0,7,0,3.0,Surabaya,Basic,App,0,16939947.0,0,0
C001931,18,11651528.0,27.6,1435168.0,3,4,3.0,Jakarta,Basic,App,0,17222015.0,0,0
C001932,33,4846323.0,84.5,620687.0,5,1,3.0,Surabaya,Basic,Web,0,7448242.0,0,0
C001933,28,20733015.0,25.4,1530330.0,4,0,3.0,Bandung,Silver,App,1,18363956.0,0,0
C001934,54,10744643.0,17.0,912760.0,3,1,3.0,Makassar,Basic,App,0,10953118.0,0,0
C001935,22,6470350.0,31.2,698986.0,1,2,1.0,Jakarta,Basic,App,0,8387833.0,0,0
C001936,57,5539438.0,33.7,832209.0,2,0,4.0,Surabaya,Basic,Web,0,9986513.0,0,0
C001937,38,9213526.0,120.0,999746.0,3,3,1.0,Makassar,Basic,Web,0,11996948.0,0,0
C001938,24,3191079.0,25.0,717906.0,4,1,3.0,Surabaya,Basic,Web,0,8614870.0,0,0
C001939,30,,8.9,1328673.0,4,0,4.0,Surabaya,Basic,Web,0,15944074.0,0,0
C001940,28,4734980.0,19.4,629067.0,5,1,4.0,,Basic,Branch,0,7548799.0,1,1
C001941,23,9808761.0,31.2,1118784.0,2,1,4.0,Surabaya,Gold,Web,0,13425412.0,0,0
C001942,39,6004747.0,35.3,677327.0,2,3,3.0,Bandung,Basic,Web,0,8127925.0,1,1
C001943,23,6917201.0,5.6,496500.0,4,1,5.0,Surabaya,Basic,App,0,5957998.0,0,0
C001944,18,,17.6,705219.0,3,2,5.0,Bandung,Gold,Branch,0,8462624.0,0,0
C001945,33,7321135.0,81.3,519082.0,2,1,3.0,Bandung,Gold,Web,0,6228982.0,0,0
C001946,18,22614703.0,12.0,1905294.0,2,3,3.0,Jakarta,Basic,Web,0,22863533.0,0,0
C001947,29,17136734.0,46.6,2237664.0,6,0,3.0,surabaya,Silver,App,0,26851968.0,0,0
C001948,27,9722132.0,19.9,1044655.0,3,2,3.0,Surabaya,Basic,App,0,12535864.0,0,0
C001949,28,7889476.0,26.1,719726.0,5,4,3.0,Makassar,Silver,Branch,0,8636717.0,0,0
C001950,62,12727337.0,6.4,1169509.0,4,1,4.0,Surabaya,Gold,App,1,14034104.0,0,0
C001951,39,14893506.0,21.5,863065.0,6,1,1.0,Surabaya,Basic,App,0,10356776.0,1,1
C001952,41,5068482.0,30.9,561339.0,4,2,3.0,Jakarta,Basic,App,0,6736068.0,0,0
C001953,18,7666423.0,25.3,1419009.0,2,2,4.0,Jakarta,Silver,App,0,17028107.0,0,0
C001954,30,2936929.0,22.5,489766.0,1,1,4.0,Jakarta,Silver,App,0,5877191.0,1,1
C001955,41,14837351.0,38.6,758218.0,2,5,3.0,Surabaya,Gold,Web,1,9098619.0,1,1
C001956,26,24908395.0,8.1,1822304.0,5,1,2.0,Surabaya,Basic,App,0,21867649.0,0,0
C001957,49,8360239.0,31.9,935780.0,4,2,,Surabaya,Basic,App,1,11229355.0,0,0
C001958,24,2486027.0,2.9,547507.0,3,2,4.0,Jakarta,Silver,Web,1,6570088.0,0,0
C001959,35,11182291.0,55.5,1234939.0,3,1,4.0,Makassar,Basic,Web,0,14819270.0,0,0
C001960,31,4865612.0,23.1,1007249.0,7,0,3.0,Bandung,Basic,Web,0,12086982.0,0,0
C001961,40,5554450.0,44.5,538741.0,5,2,3.0,Jakarta,Basic,Branch,0,6464897.0,0,0
C001962,30,11291594.0,0.9,1757163.0,3,2,2.0,Jakarta,Basic,App,0,21085955.0,1,1
C001963,35,9202234.0,40.3,993951.0,2,2,2.0,Jakarta,Basic,App,1,11927408.0,0,0
C001964,35,6116449.0,13.8,682340.0,4,1,4.0,Jakarta,Silver,App,0,8188086.0,0,0
C001965,29,5596595.0,26.3,588005.0,4,2,4.0,Bandung,Basic,App,0,7056063.0,0,0
C001966,44,8573288.0,40.7,1475496.0,1,3,2.0,Jakarta,Basic,Branch,1,17705952.0,1,1
C001967,41,6386814.0,24.5,881872.0,4,0,3.0,,Silver,App,1,10582467.0,0,0
C001968,37,4346457.0,37.5,441010.0,5,2,2.0,Jakarta,Basic,App,0,5292116.0,0,0
C001969,33,,20.2,639930.0,1,5,3.0,Surabaya,Silver,App,0,7679158.0,0,0
C001970,48,9642857.0,58.4,1143779.0,3,2,2.0,Jakarta,Gold,App,0,13725344.0,0,0
C001971,35,7253504.0,23.0,1130127.0,1,0,5.0,Bandung,Basic,Web,0,13561528.0,0,0
C001972,34,3676686.0,23.4,436032.0,5,2,3.0,Jakarta,Gold,Web,0,5232386.0,0,0
C001973,39,13782878.0,23.7,1324091.0,8,1,,Surabaya,Gold,Web,0,15889093.0,0,0
C001974,58,1773749.0,25.7,290134.0,4,2,2.0,Jakarta,Basic,App,0,3481612.0,0,0
C001975,22,6258501.0,8.5,744615.0,6,0,4.0,Surabaya,Silver,App,0,8935383.0,0,0
C001976,47,5687850.0,11.6,533398.0,6,1,4.0,Jakarta,Basic,Web,0,6400773.0,0,0
C001977,18,,49.0,1484925.0,2,2,2.0,Surabaya,Silver,App,0,17819098.0,0,0
C001978,41,10895562.0,44.5,1410949.0,4,1,3.0,Jakarta,Silver,App,0,16931386.0,0,0
C001979,57,14867271.0,42.6,1936650.0,10,1,3.0,Bandung,Gold,Web,0,23239804.0,1,1
C001980,44,,35.1,875305.0,4,1,3.0,Surabaya,Basic,App,0,10503665.0,0,0
C001981,40,11045928.0,17.3,1057621.0,3,3,4.0,Jakarta,Silver,App,0,12691450.0,0,0
C001982,31,8909710.0,15.9,812630.0,4,4,2.0,Jakarta,Basic,Branch,1,9751564.0,1,1
C001983,38,3120817.0,24.9,432397.0,3,1,4.0,Bandung,Gold,Branch,0,5188768.0,0,0
C001984,35,22753948.0,54.1,2469993.0,9,0,4.0,Makassar,Basic,App,0,29639914.0,0,0
C001985,29,3625946.0,29.7,905189.0,2,2,3.0,Surabaya,Basic,Branch,0,10862273.0,0,0
C001986,35,,11.1,2452151.0,2,2,4.0,Surabaya,Silver,App,0,29425815.0,0,0
C001987,40,9913719.0,6.9,1166821.0,4,1,2.0,Jakarta,Basic,Web,0,14001847.0,0,0
C001988,29,9309559.0,45.4,619496.0,3,3,3.0,Jakarta,Silver,App,0,7433947.0,0,0
C001989,28,6094729.0,65.4,639718.0,5,1,3.0,Bandung,Basic,Branch,0,7676610.0,0,0
C001990,22,12609248.0,5.3,1425190.0,4,4,3.0,Bandung,Silver,Web,0,17102283.0,1,1
C001991,43,3391389.0,46.4,561055.0,4,2,3.0,Jakarta,Silver,App,0,6732665.0,0,0
C001992,45,7715534.0,34.6,1184696.0,4,1,3.0,Surabaya,Gold,App,0,14216355.0,0,0
C001993,41,5866807.0,13.5,780543.0,2,2,3.0,Surabaya,Basic,App,0,9366514.0,0,0
C001994,50,5512001.0,29.9,507931.0,1,2,3.0,Makassar,Silver,App,1,6095175.0,0,0
C001995,39,10127483.0,9.6,1007572.0,4,4,3.0,Surabaya,Basic,App,1,12090861.0,0,0
C001996,43,14469670.0,21.7,1716912.0,2,2,4.0,Jakarta,Gold,App,0,20602947.0,0,0
C001997,42,6623678.0,26.0,931705.0,5,0,2.0,Jakarta,Silver,Web,0,11180455.0,0,0
C001998,37,12290371.0,58.0,1499951.0,2,3,3.0,Surabaya,Basic,Web,0,17999416.0,1,1
C001999,32,8221880.0,20.9,719350.0,5,1,2.0,Bandung,Basic,App,1,8632200.0,0,0
C002000,65,4896099.0,14.7,615975.0,6,0,1.0,Surabaya,Basic,App,0,7391701.0,1,1
C002001,33,6941847.0,32.8,1036815.0,6,2,5.0,Makassar,Gold,App,0,12441786.0,0,0
C002002,30,6785068.0,38.2,958905.0,1,1,3.0,Jakarta,Basic,App,0,11506859.0,1,1
C002003,43,5453614.0,14.3,943669.0,5,3,2.0,Surabaya,Basic,App,1,11324031.0,1,1
C002004,41,10126008.0,10.7,652417.0,4,0,2.0,Bandung,Basic,App,0,7829000.0,1,1
C002005,21,9102025.0,11.6,1038618.0,3,1,3.0,Bandung,Silver,App,0,12463410.0,0,0
C002006,51,3335372.0,58.2,492554.0,7,1,4.0,Surabaya,Silver,App,0,5910642.0,0,0
C002007,37,3225546.0,37.0,352998.0,6,2,3.0,Surabaya,Basic,App,1,4235971.0,0,0
C002008,25,10104875.0,19.9,800024.0,4,1,2.0,Jakarta,Basic,Branch,1,9600289.0,0,0
C002009,52,5109155.0,51.9,858413.0,1,3,2.0,Jakarta,Basic,Branch,0,10300956.0,1,1
C002010,46,9445743.0,14.2,1000660.0,9,1,4.0,Surabaya,Silver,App,1,12007916.0,0,0
C002011,23,12292065.0,24.2,579431.0,3,1,4.0,Jakarta,Gold,Web,0,6953175.0,0,0
C002012,59,3976561.0,9.4,432608.0,5,1,3.0,Jakarta,Gold,Web,0,5191293.0,0,0
C002013,46,3680675.0,50.4,450381.0,2,1,4.0,Bandung,Basic,App,0,5404569.0,0,0
C002014,38,20093150.0,13.3,1978869.0,5,2,3.0,Bandung,Basic,Branch,0,23746432.0,1,1
C002015,57,9706594.0,13.5,815205.0,7,1,5.0,Surabaya,Basic,App,0,9782462.0,0,0
C002016,40,6352568.0,33.3,592601.0,4,2,3.0,Jakarta,Silver,App,0,7111217.0,0,0
C002017,38,4786380.0,2.6,432166.0,7,2,4.0,Jakarta,Silver,Branch,0,5185990.0,0,0
C002018,30,6041782.0,7.6,1097540.0,3,0,4.0,Surabaya,Basic,App,0,13170484.0,0,0
C002019,45,4156306.0,41.7,615671.0,4,0,2.0,Surabaya,Basic,App,0,7388049.0,0,0
C002020,44,13004796.0,11.4,1002209.0,6,1,4.0,Jakarta,Basic,Branch,0,12026511.0,0,0
C002021,38,5218596.0,102.1,530083.0,3,1,3.0,Bandung,Basic,App,0,6361002.0,1,1
C002022,29,14598015.0,28.8,1780161.0,5,2,2.0,Surabaya,Gold,Branch,0,21361936.0,1,1
C002023,40,6417930.0,4.9,567181.0,4,0,3.0,Surabaya,Basic,App,0,6806170.0,1,1
C002024,37,4506852.0,67.6,748424.0,6,3,3.0,Jakarta,Silver,Web,0,8981083.0,1,1
C002025,22,6327946.0,28.8,775150.0,5,1,2.0,Makassar,Gold,App,0,9301798.0,0,0
C002026,20,1889193.0,22.2,282594.0,3,0,4.0,,Basic,App,0,3391130.0,0,0
C002027,45,7485882.0,28.7,658885.0,4,0,3.0,Surabaya,Basic,App,0,7906622.0,0,0
C002028,18,7285427.0,4.9,662560.0,4,0,5.0,Bandung,Basic,Web,0,7950724.0,0,0
C002029,40,12591853.0,24.8,1036357.0,6,1,3.0,Jakarta,Silver,Web,0,12436285.0,0,0
C002030,32,2834807.0,12.1,386320.0,3,1,4.0,Jakarta,Basic,App,0,4635844.0,0,0
C002031,54,15157084.0,23.7,2101446.0,2,3,3.0,Surabaya,Gold,Branch,0,25217354.0,0,0
C002032,32,12563191.0,17.6,2448227.0,1,4,3.0,Surabaya,Silver,Branch,0,29378724.0,0,0
C002033,46,,27.7,1643434.0,4,2,4.0,Jakarta,Silver,Web,0,19721208.0,0,0
C002034,33,7771357.0,19.9,1013375.0,3,1,5.0,Bandung,Silver,Web,1,12160497.0,0,0
C002035,39,13972412.0,16.8,1667285.0,7,4,2.0,Bandung,Basic,App,0,20007426.0,0,0
C002036,47,,11.0,375881.0,3,1,3.0,Makassar,Silver,App,0,4510572.0,0,0
C002037,32,11841588.0,5.1,1371355.0,7,1,4.0,,Silver,App,0,16456260.0,0,0
C002038,50,5234661.0,4.0,740992.0,3,2,,Jakarta,Basic,App,0,8891908.0,1,1
C002039,26,3225766.0,7.9,468203.0,6,1,2.0,Jakarta,Basic,App,0,5618434.0,0,0
C002040,42,4310976.0,39.5,820279.0,2,3,4.0,Surabaya,Basic,App,0,9843348.0,0,0
C002041,49,8024374.0,10.5,1029881.0,2,0,4.0,Surabaya,Basic,Web,0,12358577.0,1,1
C002042,46,5083891.0,14.6,633336.0,6,3,2.0,Bandung,Basic,App,0,7600036.0,0,0
C002043,61,9838291.0,14.7,1095863.0,2,3,5.0,Surabaya,Basic,App,0,13150361.0,0,0
C002044,29,2959176.0,17.9,714623.0,7,2,2.0,Makassar,Gold,Web,0,8575478.0,0,0
C002045,21,2483175.0,34.9,451833.0,8,0,4.0,Bandung,Basic,App,0,5422002.0,0,0
C002046,26,17017711.0,19.7,2271109.0,2,2,2.0,Surabaya,Basic,App,0,27253304.0,0,0
C002047,46,,44.6,1670239.0,3,3,4.0,Surabaya,Basic,Web,0,20042866.0,0,0
C002048,44,4492136.0,8.0,639813.0,5,2,3.0,Jakarta,Basic,App,0,7677755.0,0,0
C002049,39,7986812.0,41.5,1360139.0,5,0,3.0,Jakarta,Gold,App,1,16321669.0,0,0
C002050,25,14015592.0,62.4,1643502.0,6,1,2.0,jakarta,Basic,Web,0,19722026.0,0,0
C002051,47,10074444.0,24.6,1100768.0,1,0,5.0,Surabaya,Basic,Web,1,13209216.0,0,0
C002052,23,8679503.0,9.8,1164439.0,5,2,3.0,Bandung,Basic,Web,0,13973274.0,0,0
C002053,52,14611024.0,35.4,1402333.0,6,4,3.0,Jakarta,Basic,App,0,16827998.0,0,0
C002054,72,5352425.0,24.9,443860.0,3,2,3.0,jakarta,Silver,Web,0,5326316.0,0,0
C002055,42,8138368.0,31.2,1037334.0,3,0,3.0,Makassar,Basic,App,0,12448004.0,0,0
C002056,45,7921850.0,45.5,1073291.0,5,1,1.0,Bandung,Silver,App,0,12879496.0,0,0
C002057,32,6885532.0,18.6,856996.0,6,1,3.0,Jakarta,Silver,Web,0,10283946.0,0,0
C002058,18,6456249.0,16.3,842408.0,3,1,3.0,Bandung,Silver,App,0,10108898.0,1,1
C002059,31,8327132.0,115.0,889183.0,6,2,3.0,Makassar,Basic,Web,1,10670198.0,0,0
C002060,25,8152835.0,35.7,1597192.0,3,3,5.0,Bandung,Basic,Branch,0,19166309.0,0,0
C002061,21,4494284.0,50.9,762280.0,4,4,3.0,Bandung,Basic,App,0,9147355.0,0,0
C002062,59,12433933.0,43.7,1484806.0,3,2,4.0,Surabaya,Basic,App,0,17817675.0,0,0
C002063,41,4675938.0,51.3,633877.0,6,1,3.0,Bandung,Basic,Web,0,7606524.0,0,0
C002064,43,7095162.0,31.9,1381584.0,2,3,2.0,Bandung,Silver,Branch,0,16579008.0,1,1
C002065,34,6800780.0,47.3,1035983.0,3,3,3.0,Jakarta,Gold,App,1,12431800.0,0,0
C002066,36,,14.7,1311092.0,2,1,3.0,Jakarta,Silver,Web,0,15733103.0,0,0
C002067,50,2494116.0,5.0,194578.0,2,2,3.0,Jakarta,Basic,App,0,2334935.0,0,0
C002068,38,13058535.0,11.7,1253042.0,3,0,3.0,Jakarta,Basic,Web,0,15036507.0,0,0
C002069,44,5512933.0,22.3,1062322.0,3,2,2.0,Surabaya,Gold,App,0,12747864.0,0,0
C002070,36,15649224.0,20.1,1635891.0,3,1,4.0,Jakarta,Basic,Web,1,19630697.0,0,0
C002071,34,6149992.0,25.0,368884.0,3,0,3.0,Surabaya,Basic,Web,0,4426606.0,0,0
C002072,21,7787949.0,14.0,885017.0,4,3,3.0,Jakarta,Gold,App,0,10620205.0,0,0
C002073,18,22920320.0,3.0,2816722.0,8,2,2.0,Makassar,Basic,Branch,0,33800665.0,0,0
C002074,35,6868224.0,18.2,1341370.0,2,1,3.0,,Silver,Branch,0,16096438.0,0,0
C002075,39,15812630.0,7.0,932314.0,6,0,3.0,Makassar,Basic,App,0,11187774.0,0,0
C002076,23,8173656.0,24.2,904202.0,8,0,3.0,Jakarta,Silver,App,0,10850430.0,0,0
C002077,38,10053511.0,33.0,968345.0,1,2,3.0,Makassar,Basic,Web,0,11620134.0,0,0
C002078,39,8313816.0,17.9,790838.0,3,1,3.0,Surabaya,Gold,App,1,9490051.0,0,0
C002079,18,12752916.0,9.2,1384460.0,2,0,4.0,Surabaya,Basic,App,0,16613516.0,0,0
C002080,27,5487096.0,26.0,387936.0,1,0,3.0,Jakarta,Basic,App,0,4655233.0,0,0
C002081,43,4656271.0,119.0,799889.0,3,0,4.0,Jakarta,Silver,App,0,9598669.0,0,0
C002082,43,5630649.0,35.7,1092662.0,1,2,3.0,Jakarta,Silver,Web,0,13111946.0,0,0
C002083,24,8450979.0,37.6,1127415.0,5,2,3.0,Jakarta,Basic,App,0,13528976.0,0,0
C002084,40,7085080.0,16.4,610771.0,6,0,3.0,Jakarta,Basic,App,0,7329253.0,0,0
C002085,50,11823543.0,12.5,972487.0,4,0,4.0,Makassar,Basic,Branch,0,11669840.0,0,0
C002086,47,16396108.0,51.4,2313897.0,3,0,3.0,Surabaya,Gold,App,0,27766759.0,0,0
C002087,37,4677344.0,1.8,690006.0,2,2,,Surabaya,Silver,App,0,8280068.0,0,0
C002088,32,5342906.0,13.6,771130.0,3,1,2.0,Bandung,Basic,App,0,9253565.0,0,0
C002089,30,3631006.0,71.8,881055.0,8,1,3.0,Surabaya,Basic,Web,0,10572660.0,0,0
C002090,44,24438181.0,23.1,2274057.0,4,0,4.0,Jakarta,Basic,Branch,0,27288680.0,0,0
C002091,40,9459408.0,5.7,931961.0,4,1,4.0,Jakarta,Gold,App,0,11183529.0,0,0
C002092,46,10415893.0,33.7,1235984.0,6,0,5.0,Surabaya,Basic,Web,0,14831806.0,0,0
C002093,40,3827940.0,18.0,386014.0,5,2,3.0,Surabaya,Basic,App,0,4632173.0,0,0
C002094,48,7994854.0,4.4,808497.0,4,0,4.0,Surabaya,Basic,Web,0,9701965.0,0,0
C002095,39,10585953.0,29.3,1257666.0,2,1,3.0,Surabaya,Silver,App,1,15091990.0,0,0
C002096,47,6961708.0,26.3,815519.0,3,1,3.0,Surabaya,Silver,App,0,9786233.0,0,0
C002097,48,,25.2,1390080.0,0,3,3.0,Surabaya,Silver,Web,0,16680966.0,0,0
C002098,28,,35.4,2479965.0,3,3,4.0,Bandung,Silver,App,0,29759585.0,1,1
C002099,18,4751959.0,8.7,382305.0,3,2,3.0,Bandung,Silver,App,0,4587664.0,0,0
C002100,57,4559867.0,31.5,1093923.0,5,2,4.0,Surabaya,Gold,Web,1,13127071.0,0,0
C002101,41,4936594.0,27.7,415490.0,7,0,4.0,Jakarta,Basic,App,0,4985876.0,0,0
C002102,18,19353070.0,50.7,2099355.0,5,1,4.0,Surabaya,Basic,Web,0,25192254.0,1,1
C002103,29,14192831.0,13.4,1846608.0,7,0,3.0,Surabaya,Basic,App,0,22159292.0,0,0
C002104,47,,56.7,797600.0,8,1,3.0,Surabaya,Silver,App,0,9571204.0,0,0
C002105,35,8162491.0,43.2,601914.0,3,0,4.0,Jakarta,Basic,Web,0,7222964.0,0,0
C002106,32,5105623.0,22.5,625922.0,1,0,4.0,Surabaya,Basic,App,0,7511061.0,0,0
C002107,55,13052197.0,25.2,1167267.0,4,2,2.0,Bandung,Silver,App,0,14007209.0,0,0
C002108,25,6491512.0,2.0,1087883.0,4,2,2.0,Bandung,Basic,App,0,13054594.0,1,1
C002109,28,6933741.0,24.6,1090014.0,5,0,2.0,Jakarta,Silver,Web,0,13080172.0,1,1
C002110,41,11181671.0,41.2,1229904.0,1,2,4.0,Bandung,Silver,Branch,0,14758848.0,0,0
C002111,43,7214150.0,19.9,801367.0,1,2,4.0,Surabaya,Gold,Web,0,9616409.0,0,0
C002112,44,7030165.0,50.6,872984.0,2,1,2.0,Jakarta,Silver,Web,0,10475808.0,1,1
C002113,49,8046666.0,34.1,1008540.0,2,2,3.0,Surabaya,Basic,Web,0,12102476.0,0,0
C002114,40,12389967.0,86.1,1760033.0,9,5,2.0,Jakarta,Basic,Web,0,21120395.0,0,0
C002115,44,19786754.0,14.3,1378945.0,4,3,4.0,,Basic,App,0,16547343.0,0,0
C002116,35,11039271.0,38.5,1257009.0,3,4,2.0,Surabaya,Basic,App,0,15084102.0,0,0
C002117,39,12444321.0,7.2,1489099.0,6,2,4.0,Jakarta,Silver,Web,0,17869188.0,0,0
C002118,39,7167248.0,21.3,574469.0,1,1,,Surabaya,Silver,Branch,0,6893630.0,0,0
C002119,41,5420308.0,35.5,1335177.0,7,1,3.0,Surabaya,Silver,Branch,0,16022121.0,0,0
C002120,47,11463109.0,40.2,1085769.0,4,0,4.0,Bandung,Silver,App,0,13029232.0,0,0
C002121,45,8790082.0,18.7,651997.0,6,0,5.0,Surabaya,Silver,Branch,1,7823964.0,0,0
C002122,39,3658290.0,54.3,831401.0,8,1,2.0,Surabaya,Silver,App,1,9976810.0,0,0
C002123,28,6679234.0,62.2,604979.0,6,0,5.0,Surabaya,Basic,App,0,7259743.0,0,0
C002124,39,7643443.0,14.4,708983.0,7,3,2.0,Jakarta,Basic,Branch,0,8507793.0,1,1
C002125,38,6041726.0,21.8,712514.0,1,1,1.0,Bandung,Basic,App,0,8550164.0,0,0
C002126,40,18072584.0,20.1,1564146.0,1,3,3.0,Bandung,Silver,Web,0,18769749.0,0,0
C002127,64,10416103.0,16.4,525087.0,3,0,4.0,Jakarta,Gold,App,0,6301049.0,0,0
C002128,32,17025083.0,59.6,1213806.0,2,4,1.0,Surabaya,Gold,Branch,0,14565675.0,1,1
C002129,43,9247243.0,59.2,587596.0,5,1,2.0,Bandung,Basic,App,0,7051156.0,1,1
C002130,51,8366242.0,20.7,868016.0,4,0,3.0,Bandung,Gold,Web,0,10416194.0,0,0
C002131,39,4779389.0,38.4,656517.0,5,1,3.0,,Gold,App,1,7878205.0,0,0
C002132,66,8052663.0,50.2,744009.0,4,1,5.0,,Basic,App,0,8928102.0,0,0
C002133,33,,29.6,1090881.0,3,0,4.0,Jakarta,Silver,App,1,13090571.0,0,0
C002134,42,3771712.0,19.5,828112.0,3,0,4.0,Surabaya,Gold,App,1,9937347.0,0,0
C002135,28,5945897.0,13.5,525588.0,5,1,4.0,Jakarta,Basic,App,0,6307061.0,0,0
C002136,34,6696842.0,41.0,821974.0,4,2,5.0,,Gold,App,1,9863686.0,0,0
C002137,41,10042793.0,7.8,1489722.0,1,1,3.0,Jakarta,Basic,Branch,0,17876661.0,0,0
C002138,48,10310720.0,19.9,1213152.0,6,5,2.0,Bandung,Basic,App,1,14557821.0,0,0
C002139,42,5810789.0,17.3,827395.0,2,1,2.0,Surabaya,Basic,Web,0,9928738.0,0,0
C002140,53,10353450.0,7.4,851187.0,1,2,4.0,Surabaya,Basic,Web,0,10214241.0,1,1
C002141,37,7237661.0,23.2,1152306.0,7,2,4.0,Makassar,Silver,Web,0,13827671.0,0,0
C002142,34,1650619.0,21.5,257358.0,6,2,4.0,Surabaya,Basic,App,1,3088293.0,0,0
C002143,70,6127920.0,11.2,643730.0,6,2,3.0,Surabaya,Basic,App,0,7724757.0,0,0
C002144,43,86890158.0,58.1,2018609.0,3,0,2.0,Surabaya,Gold,App,0,24223310.0,0,0
C002145,29,3172273.0,41.2,965031.0,4,1,3.0,Bandung,Basic,App,0,11580370.0,0,0
C002146,30,8511530.0,25.5,1133427.0,3,2,2.0,,Basic,App,0,13601123.0,1,1
C002147,27,19131481.0,45.5,2785579.0,8,1,4.0,,Gold,Web,0,33426952.0,0,0
C002148,49,5265123.0,52.8,618243.0,5,0,3.0,Jakarta,Gold,Web,0,7418917.0,0,0
C002149,34,8009462.0,59.9,995758.0,3,1,3.0,Jakarta,Silver,Web,0,11949091.0,0,0
C002150,40,3904902.0,14.2,370601.0,4,2,5.0,Jakarta,Basic,Web,0,4447216.0,0,0
C002151,37,19578239.0,45.5,1777655.0,5,0,4.0,surabaya,Basic,App,0,21331855.0,0,0
C002152,47,7641612.0,21.5,856293.0,7,1,4.0,Surabaya,Silver,Web,0,10275511.0,0,0
C002153,28,8207811.0,28.9,1035811.0,4,0,3.0,Surabaya,Silver,App,0,12429733.0,0,0
C002154,25,16849261.0,14.8,2052569.0,3,0,3.0,Surabaya,Silver,Branch,0,24630823.0,1,1
C002155,41,11510442.0,24.6,1221166.0,3,1,4.0,,Basic,App,0,14653998.0,0,0
C002156,45,4942374.0,45.9,968048.0,1,3,4.0,Bandung,Silver,Web,0,11616579.0,0,0
C002157,42,5603765.0,69.9,609194.0,5,0,2.0,Makassar,Silver,Web,0,7310328.0,0,0
C002158,28,10502925.0,22.8,1163585.0,5,1,3.0,Surabaya,Gold,Web,0,13963024.0,0,0
C002159,46,5675592.0,11.6,594869.0,7,4,2.0,Jakarta,Basic,App,0,7138434.0,0,0
C002160,29,2496670.0,76.7,597255.0,5,1,4.0,Surabaya,Basic,Branch,0,7167056.0,0,0
C002161,32,7769137.0,13.7,1123374.0,4,0,5.0,Surabaya,Basic,App,0,13480492.0,0,0
C002162,27,,5.1,551964.0,3,0,3.0,Jakarta,Silver,Web,0,6623569.0,0,0
C002163,54,19460689.0,15.8,1386136.0,7,6,2.0,Surabaya,Gold,App,1,16633628.0,0,0
C002164,46,8816939.0,2.3,654007.0,4,3,1.0,Surabaya,Basic,App,0,7848080.0,0,0
C002165,45,4862707.0,51.1,711944.0,5,2,2.0,Surabaya,Basic,App,1,8543329.0,0,0
C002166,53,5447701.0,13.0,1153362.0,1,0,5.0,Jakarta,Silver,App,0,13840340.0,0,0
C002167,72,2829989.0,9.1,521869.0,5,1,4.0,,Basic,App,0,6262429.0,0,0
C002168,18,4369889.0,27.0,658767.0,6,0,4.0,Surabaya,Silver,App,0,7905209.0,0,0
C002169,29,13991070.0,70.0,1564176.0,6,3,3.0,Surabaya,Basic,Web,1,18770110.0,0,0
C002170,31,27301016.0,34.6,3162066.0,6,1,3.0,Surabaya,Gold,Web,1,37944796.0,0,0
C002171,28,11928847.0,7.7,1317526.0,2,1,3.0,Surabaya,Basic,App,0,15810308.0,1,1
C002172,25,7605093.0,94.3,720715.0,5,4,3.0,,Silver,Web,1,8648584.0,0,0
C002173,34,6308285.0,31.7,804607.0,5,5,4.0,Jakarta,Basic,Branch,0,9655287.0,0,0
C002174,23,4727369.0,47.7,817753.0,4,1,3.0,Jakarta,Basic,App,0,9813038.0,0,0
C002175,42,24836461.0,6.2,2250772.0,8,3,3.0,Jakarta,Basic,App,0,27009270.0,0,0
C002176,39,7211159.0,84.2,651879.0,1,2,2.0,Surabaya,Basic,Branch,0,7822551.0,1,1
C002177,44,25611410.0,18.4,1931146.0,2,2,1.0,Jakarta,Silver,App,0,23173751.0,0,0
C002178,44,17216656.0,5.6,1483433.0,7,1,4.0,Bandung,Silver,Branch,1,17801190.0,0,0
C002179,45,3071001.0,29.4,267864.0,4,5,4.0,Surabaya,Basic,Branch,0,3214370.0,0,0
C002180,34,5546503.0,47.7,468215.0,4,2,4.0,Surabaya,Silver,App,1,5618577.0,0,0
C002181,63,,38.3,750250.0,3,0,4.0,Bandung,Basic,App,0,9002997.0,0,0
C002182,41,7656279.0,37.8,785532.0,3,1,5.0,Jakarta,Basic,Branch,0,9426382.0,0,0
C002183,18,7738971.0,35.9,732968.0,6,0,4.0,Jakarta,Basic,App,0,8795617.0,0,0
C002184,26,41569763.0,27.5,3607296.0,7,2,4.0,Jakarta,Silver,App,0,43287547.0,0,0
C002185,18,4423655.0,6.1,832033.0,7,2,3.0,Surabaya,Basic,App,0,9984400.0,0,0
C002186,38,9073654.0,21.3,906398.0,3,0,4.0,Surabaya,Basic,Web,0,10876779.0,0,0
C002187,37,11229237.0,19.1,1033361.0,4,0,,Jakarta,Basic,Web,0,12400330.0,0,0
C002188,32,7993086.0,60.0,778002.0,4,1,4.0,Jakarta,Basic,Branch,0,9336025.0,0,0
C002189,62,8499785.0,51.2,1636871.0,8,1,2.0,Surabaya,Basic,App,0,19642448.0,0,0
C002190,45,4503238.0,17.2,601529.0,5,1,4.0,Surabaya,Basic,App,0,7218353.0,0,0
C002191,47,8482532.0,42.7,1035449.0,6,2,2.0,Makassar,Silver,Web,1,12425388.0,0,0
C002192,27,10598484.0,23.7,1330403.0,4,1,4.0,Jakarta,Basic,App,0,15964841.0,0,0
C002193,26,9579466.0,5.1,826200.0,4,0,,Surabaya,Basic,Branch,0,9914404.0,0,0
C002194,38,10946853.0,2.1,1206012.0,4,3,3.0,Surabaya,Silver,App,0,14472150.0,0,0
C002195,40,17398359.0,39.3,2733994.0,3,1,4.0,Jakarta,Basic,App,0,32807934.0,0,0
C002196,18,13393549.0,10.1,1439898.0,4,2,4.0,Surabaya,Basic,App,0,17278774.0,0,0
C002197,36,8319928.0,10.1,999314.0,5,0,2.0,Surabaya,Silver,Web,0,11991769.0,0,0
C002198,38,4199538.0,14.0,896446.0,9,0,3.0,Makassar,Basic,Web,0,10757354.0,0,0
C002199,35,5751373.0,39.9,831937.0,6,2,4.0,jakarta,Silver,Branch,0,9983249.0,0,0
C002200,28,7089710.0,51.7,607385.0,6,1,1.0,Makassar,Silver,Web,0,7288623.0,0,0
C002201,32,9191064.0,50.9,1237845.0,7,0,3.0,Surabaya,Gold,Branch,0,14854143.0,0,0
C002202,36,6149425.0,4.5,1106540.0,7,3,,Surabaya,Basic,App,0,13278482.0,0,0
C002203,39,4781662.0,13.5,708997.0,5,2,2.0,Makassar,Silver,Branch,0,8507958.0,0,0
C002204,45,4161736.0,11.7,491061.0,4,2,2.0,Bandung,Silver,Branch,0,5892737.0,1,1
C002205,51,3226164.0,39.9,466947.0,3,0,,Jakarta,Silver,App,0,5603359.0,1,1
C002206,34,7030225.0,13.7,525952.0,5,2,1.0,Surabaya,Basic,App,0,6311419.0,0,0
C002207,33,3564863.0,22.4,647047.0,1,0,4.0,Jakarta,Silver,Branch,0,7764560.0,0,0
C002208,43,4614264.0,42.4,1022192.0,3,4,4.0,Surabaya,Basic,App,0,12266304.0,0,0
C002209,45,,25.8,567307.0,0,0,4.0,Makassar,Basic,Web,0,6807687.0,0,0
C002210,33,3836985.0,31.7,346942.0,1,0,5.0,Jakarta,Basic,App,0,4163300.0,0,0
C002211,47,,21.8,1294388.0,3,0,3.0,Surabaya,Gold,App,0,15532661.0,0,0
C002212,50,12019907.0,48.1,1181360.0,5,5,2.0,Surabaya,Silver,App,0,14176324.0,1,1
C002213,54,5913611.0,51.4,587746.0,5,0,4.0,Surabaya,Silver,App,0,7052948.0,0,0
C002214,59,6290726.0,35.9,637277.0,1,3,3.0,Bandung,Silver,Web,0,7647319.0,0,0
C002215,28,10751313.0,51.5,1232642.0,2,2,3.0,Surabaya,Basic,Web,0,14791703.0,0,0
C002216,38,5401865.0,114.3,439946.0,3,2,3.0,Jakarta,Basic,Web,0,5279357.0,0,0
C002217,38,5201452.0,41.9,755038.0,3,3,2.0,Surabaya,Silver,App,0,9060456.0,0,0
C002218,37,15448559.0,24.3,1290496.0,4,1,,Jakarta,Silver,App,0,15485953.0,0,0
C002219,30,13010345.0,32.2,1342637.0,6,4,2.0,Jakarta,Silver,App,0,16111641.0,0,0
C002220,20,11137235.0,55.0,978427.0,8,1,4.0,Surabaya,Basic,App,0,11741123.0,0,0
C002221,39,13310405.0,18.2,1744661.0,4,0,3.0,Surabaya,Silver,Web,0,20935934.0,0,0
C002222,29,,17.1,333504.0,4,2,2.0,Surabaya,Silver,Web,0,4002046.0,0,0
C002223,39,16844953.0,31.8,1836955.0,3,2,2.0,Makassar,Basic,App,0,22043461.0,0,0
C002224,28,9925187.0,24.0,973444.0,1,0,4.0,Surabaya,Silver,Web,1,11681324.0,0,0
C002225,25,13948491.0,11.6,915264.0,5,0,4.0,Surabaya,Basic,App,0,10983164.0,0,0
C002226,41,9898473.0,28.4,1290794.0,0,1,4.0,,Basic,Branch,0,15489528.0,1,1
C002227,40,8218192.0,62.6,994929.0,4,0,4.0,Surabaya,Silver,App,0,11939143.0,0,0
C002228,45,6875893.0,35.1,873635.0,6,3,3.0,Bandung,Basic,Branch,0,10483625.0,0,0
C002229,64,9790093.0,9.7,688833.0,3,2,3.0,,Silver,Web,0,8266000.0,0,0
C002230,41,6739463.0,39.1,697375.0,1,1,4.0,Makassar,Silver,Branch,0,8368497.0,0,0
C002231,44,12894146.0,20.4,942727.0,9,1,4.0,Jakarta,Basic,Web,0,11312726.0,1,1
C002232,25,3343073.0,90.9,675339.0,4,3,2.0,Jakarta,Silver,Web,1,8104066.0,0,0
C002233,23,5939202.0,37.0,513401.0,4,2,2.0,Surabaya,Basic,App,1,6160807.0,0,0
C002234,57,24633180.0,15.7,3142277.0,2,2,4.0,Surabaya,Basic,App,0,37707322.0,0,0
C002235,27,5669479.0,41.1,495028.0,4,3,3.0,Surabaya,Basic,App,0,5940331.0,1,1
C002236,25,7015805.0,29.9,617359.0,3,2,4.0,Bandung,Silver,Branch,0,7408310.0,0,0
C002237,38,,58.7,719015.0,2,1,2.0,Makassar,Basic,Web,0,8628182.0,1,1
C002238,37,9623006.0,17.0,905454.0,2,1,3.0,Surabaya,Basic,Web,0,10865445.0,0,0
C002239,27,5336104.0,36.9,806367.0,6,1,2.0,Makassar,Gold,App,1,9676400.0,0,0
C002240,34,7223615.0,6.1,1626101.0,4,1,4.0,Jakarta,Gold,App,0,19513211.0,0,0
C002241,53,12760036.0,27.5,1154066.0,3,1,3.0,,Gold,App,0,13848794.0,0,0
C002242,28,5447309.0,9.4,684611.0,3,1,3.0,Makassar,Basic,App,0,8215331.0,0,0
C002243,21,12344093.0,29.2,680403.0,5,1,5.0,Makassar,Silver,App,0,8164840.0,0,0
C002244,49,12574459.0,33.9,1729862.0,6,1,4.0,Jakarta,Silver,App,0,20758341.0,0,0
C002245,44,14291535.0,35.9,1482153.0,5,2,4.0,Jakarta,Basic,Web,0,17785842.0,0,0
C002246,31,8642908.0,17.0,953143.0,4,3,2.0,,Basic,App,0,11437720.0,0,0
C002247,19,47566752.0,28.1,4106652.0,2,1,2.0,Surabaya,Basic,App,0,49279826.0,1,1
C002248,29,14288215.0,54.0,969826.0,2,0,4.0,Surabaya,Silver,Web,1,11637914.0,0,0
C002249,37,9565130.0,74.9,814664.0,4,1,1.0,Bandung,Silver,Web,0,9775963.0,0,0
C002250,52,4941570.0,28.8,1634128.0,3,3,2.0,Surabaya,Basic,App,0,19609531.0,0,0
C002251,26,7584138.0,54.9,746230.0,2,0,3.0,Surabaya,Basic,Branch,1,8954763.0,0,0
C002252,37,17530135.0,12.5,1580358.0,5,4,2.0,Surabaya,Silver,App,0,18964297.0,0,0
C002253,46,20484850.0,19.2,2191530.0,0,2,3.0,Jakarta,Silver,Web,1,26298365.0,0,0
C002254,18,18038756.0,31.1,1175106.0,2,4,2.0,Surabaya,Gold,Web,1,14101269.0,0,0
C002255,50,12320904.0,24.1,806159.0,3,2,2.0,Makassar,Basic,App,0,9673912.0,1,1
C002256,24,4010149.0,22.2,643194.0,2,5,3.0,Bandung,Gold,App,0,7718329.0,0,0
C002257,42,10458139.0,51.2,1182100.0,3,1,4.0,Surabaya,Basic,App,0,14185201.0,0,0
C002258,41,4041720.0,10.8,497471.0,5,0,2.0,Surabaya,Basic,App,1,5969651.0,0,0
C002259,51,3530122.0,11.8,321514.0,5,2,3.0,Surabaya,Gold,App,0,3858169.0,1,1
C002260,45,9124643.0,8.1,1315542.0,2,1,4.0,Surabaya,Basic,Web,1,15786506.0,0,0
C002261,18,10667495.0,31.8,839181.0,3,0,4.0,Surabaya,Silver,App,0,10070175.0,0,0
C002262,29,13148385.0,20.4,1922637.0,6,1,3.0,Surabaya,Basic,App,0,23071643.0,0,0
C002263,40,,47.9,956725.0,8,3,2.0,Jakarta,Silver,App,0,11480699.0,0,0
C002264,36,10716813.0,29.9,747836.0,2,2,4.0,Surabaya,Basic,Web,0,8974031.0,0,0
C002265,44,,16.7,985709.0,5,1,4.0,Surabaya,Basic,App,0,11828512.0,0,0
C002266,47,,14.7,842799.0,6,2,1.0,,Basic,Web,0,10113593.0,0,0
C002267,45,3492184.0,2.1,523250.0,6,1,3.0,Bandung,Gold,App,0,6278999.0,0,0
C002268,35,2658039.0,23.0,693922.0,2,2,3.0,Surabaya,Gold,App,0,8327069.0,0,0
C002269,18,12022682.0,9.5,1509930.0,4,0,3.0,Jakarta,Silver,Web,0,18119162.0,0,0
C002270,33,,52.0,1062342.0,4,2,3.0,Surabaya,Gold,Web,0,12748106.0,0,0
C002271,43,12926969.0,19.6,898289.0,2,2,4.0,Bandung,Silver,Web,0,10779466.0,0,0
C002272,25,14717433.0,6.8,1370315.0,6,2,2.0,Bandung,Basic,Branch,0,16443784.0,1,1
C002273,46,,58.9,1163223.0,6,3,3.0,Jakarta,Basic,Branch,0,13958680.0,0,0
C002274,49,11068604.0,23.2,1182895.0,4,3,2.0,Jakarta,Silver,Web,0,14194745.0,0,0
C002275,40,5561152.0,38.9,519702.0,4,2,2.0,Bandung,Basic,App,0,6236430.0,0,0
C002276,18,2898543.0,16.9,537684.0,5,2,4.0,Surabaya,Basic,App,0,6452207.0,1,1
C002277,23,8561383.0,60.3,1715722.0,4,1,,Jakarta,Basic,Branch,0,20588661.0,1,1
C002278,61,6174704.0,13.1,776375.0,5,0,3.0,Surabaya,Gold,Web,0,9316500.0,0,0
C002279,31,6280142.0,20.4,459903.0,7,1,4.0,Surabaya,Basic,App,0,5518832.0,0,0
C002280,18,23709605.0,4.8,1482304.0,5,2,3.0,Jakarta,Basic,App,1,17787653.0,1,1
C002281,53,3456374.0,59.3,580107.0,3,1,1.0,Surabaya,Silver,Web,1,6961281.0,0,0
C002282,38,9875142.0,15.2,1365581.0,9,3,2.0,,Silver,Web,0,16386977.0,1,1
C002283,51,4628800.0,32.3,586817.0,5,1,4.0,Surabaya,Basic,App,0,7041805.0,1,1
C002284,41,13183754.0,35.6,1650801.0,3,1,,Makassar,Silver,App,0,19809617.0,0,0
C002285,44,9427008.0,53.1,856597.0,3,3,2.0,Surabaya,Basic,App,1,10279168.0,0,0
C002286,42,9856005.0,30.6,782304.0,2,3,3.0,,Basic,Branch,1,9387649.0,0,0
C002287,46,4757642.0,24.3,839412.0,6,2,4.0,Surabaya,Silver,App,0,10072942.0,0,0
C002288,65,,49.5,899473.0,2,1,4.0,Makassar,Gold,Branch,0,10793675.0,0,0
C002289,50,79933002.0,35.1,1424953.0,1,0,5.0,Surabaya,Silver,Web,0,17099441.0,0,0
C002290,19,21186841.0,21.6,2001372.0,4,3,2.0,Jakarta,Basic,Branch,0,24016462.0,1,1
C002291,43,10418789.0,61.0,1383868.0,6,0,4.0,Surabaya,Basic,Branch,0,16606414.0,0,0
C002292,52,4883490.0,37.1,568802.0,3,1,4.0,Jakarta,Basic,App,0,6825625.0,0,0
C002293,52,9639389.0,8.8,1106746.0,3,0,4.0,Bandung,Basic,Web,0,13280950.0,0,0
C002294,33,30403300.0,68.3,1936232.0,7,0,5.0,Surabaya,Basic,Web,0,23234784.0,0,0
C002295,52,8463596.0,16.5,2390677.0,2,1,3.0,Surabaya,Basic,App,0,28688129.0,1,1
C002296,49,17875910.0,52.9,1643062.0,3,0,4.0,Surabaya,Basic,App,0,19716747.0,0,0
C002297,69,5324189.0,6.9,1019598.0,2,3,2.0,Surabaya,Basic,Web,0,12235173.0,1,1
C002298,29,7816948.0,49.3,1280590.0,1,0,4.0,Bandung,Basic,Branch,0,15367074.0,0,0
C002299,32,11248136.0,9.3,1518026.0,5,4,3.0,Surabaya,Basic,App,0,18216311.0,0,0
C002300,34,9953976.0,30.0,1077988.0,6,2,4.0,Bandung,Basic,App,0,12935857.0,1,1
C002301,32,5248424.0,36.3,565434.0,4,1,4.0,Surabaya,Basic,Branch,0,6785209.0,0,0
C002302,27,5125392.0,21.9,632913.0,6,1,3.0,Surabaya,Basic,App,0,7594958.0,0,0
C002303,18,13776965.0,26.5,1138337.0,2,3,3.0,Jakarta,Basic,Branch,0,13660041.0,0,0
C002304,33,15406577.0,11.2,2433939.0,4,3,3.0,Bandung,Basic,App,0,29207271.0,0,0
C002305,42,18377379.0,45.9,1529766.0,8,2,5.0,Surabaya,Basic,App,1,18357193.0,0,0
C002306,32,21576469.0,31.2,3215083.0,4,2,4.0,Makassar,Silver,App,0,38581001.0,0,0
C002307,61,8614805.0,13.0,1041521.0,2,1,4.0,Surabaya,Basic,App,0,12498257.0,0,0
C002308,38,6741497.0,32.0,620498.0,1,1,2.0,Bandung,Silver,App,0,7445976.0,0,0
C002309,53,16818619.0,32.7,2327537.0,1,2,2.0,Surabaya,Silver,Web,0,27930448.0,1,1
C002310,41,11841729.0,27.4,582975.0,3,0,3.0,Surabaya,Silver,App,0,6995695.0,0,0
C002311,48,4660353.0,2.1,836089.0,1,1,4.0,Bandung,Silver,Branch,1,10033073.0,0,0
C002312,41,,19.6,691188.0,8,2,2.0,Surabaya,Basic,App,0,8294258.0,0,0
C002313,54,10485603.0,45.5,1958384.0,2,3,3.0,Jakarta,Basic,App,0,23500606.0,0,0
C002314,39,7256811.0,37.7,1210935.0,5,1,3.0,Bandung,Basic,Web,0,14531225.0,0,0
C002315,44,7884549.0,37.0,1087127.0,3,2,3.0,Surabaya,Basic,App,0,13045528.0,0,0
C002316,42,14430368.0,31.0,2185855.0,3,1,3.0,Jakarta,Basic,Web,0,26230257.0,0,0
C002317,35,12144932.0,49.0,1232099.0,3,1,3.0,Jakarta,Basic,App,0,14785193.0,0,0
C002318,43,16624406.0,16.4,1553909.0,1,3,2.0,Surabaya,Basic,Web,0,18646902.0,1,1
C002319,65,2765155.0,13.8,541399.0,5,2,4.0,Surabaya,Gold,App,0,6496790.0,0,0
C002320,35,9196384.0,79.5,1188402.0,8,1,3.0,Surabaya,Basic,App,0,14260819.0,0,0
C002321,43,11722619.0,15.1,1513936.0,4,1,2.0,Surabaya,Basic,Web,0,18167235.0,1,1
C002322,53,,8.5,369005.0,4,1,4.0,Surabaya,Silver,App,0,4428055.0,0,0
C002323,52,5580336.0,21.6,618388.0,2,1,5.0,Jakarta,Silver,Branch,1,7420662.0,0,0
C002324,38,5038834.0,28.1,820092.0,5,0,3.0,Surabaya,Basic,App,0,9841105.0,0,0
C002325,18,8096044.0,49.2,742506.0,2,0,5.0,Surabaya,Silver,App,0,8910069.0,0,0
C002326,44,19584946.0,19.6,1896586.0,5,1,1.0,Bandung,Basic,App,0,22759033.0,0,0
C002327,18,24333785.0,19.5,2122474.0,4,0,3.0,Surabaya,Gold,App,0,25469682.0,0,0
C002328,56,5111963.0,26.3,893185.0,7,2,4.0,Makassar,Silver,Web,0,10718224.0,0,0
C002329,40,10687214.0,17.1,1373559.0,5,0,4.0,Jakarta,Basic,App,0,16482707.0,0,0
C002330,50,10878413.0,7.0,1382563.0,2,2,3.0,Makassar,Silver,Web,0,16590753.0,0,0
C002331,27,9901000.0,9.2,1336557.0,5,3,3.0,Bandung,Basic,App,1,16038690.0,0,0
C002332,19,9963021.0,58.1,906017.0,8,1,4.0,Surabaya,Basic,Branch,0,10872208.0,1,1
C002333,41,9454586.0,42.4,978806.0,2,1,5.0,Jakarta,Basic,App,0,11745674.0,0,0
C002334,38,20238872.0,25.6,2457078.0,3,1,4.0,Surabaya,Silver,App,0,29484937.0,0,0
C002335,32,14669905.0,37.7,1925821.0,6,3,2.0,Jakarta,Gold,App,0,23109850.0,0,0
C002336,39,4465392.0,43.3,661534.0,2,2,3.0,Surabaya,Basic,App,0,7938410.0,0,0
C002337,71,12392459.0,15.7,1399035.0,8,1,3.0,Surabaya,Silver,App,0,16788419.0,0,0
C002338,48,,11.1,1339585.0,6,1,3.0,Surabaya,Silver,Web,1,16075017.0,0,0
C002339,51,9513136.0,54.2,734255.0,6,0,3.0,Bandung,Basic,App,0,8811056.0,1,1
C002340,48,14905421.0,2.9,1267370.0,3,2,3.0,Surabaya,Silver,App,0,15208437.0,0,0
C002341,56,8871840.0,38.1,918979.0,3,2,2.0,Bandung,Gold,Web,1,11027745.0,1,1
C002342,36,8932522.0,29.7,831727.0,4,1,4.0,Makassar,Silver,App,1,9980723.0,0,0
C002343,18,8551647.0,50.7,1192315.0,6,3,3.0,Surabaya,Basic,App,0,14307779.0,0,0
C002344,36,2636381.0,39.0,289314.0,3,1,3.0,Surabaya,Silver,Web,0,3471768.0,0,0
C002345,48,7653954.0,37.5,577015.0,3,3,3.0,Jakarta,Silver,App,1,6924179.0,0,0
C002346,26,5539497.0,12.1,487277.0,7,1,2.0,Makassar,Basic,Web,0,5847319.0,0,0
C002347,36,4165745.0,44.4,1151096.0,2,5,2.0,Bandung,Basic,Web,1,13813157.0,1,1
C002348,30,17604448.0,34.9,1709913.0,3,3,3.0,Surabaya,Silver,App,0,20518956.0,1,1
C002349,56,10556647.0,13.5,835174.0,4,3,3.0,Makassar,Basic,Web,0,10022084.0,1,1
C002350,47,7869814.0,29.9,867487.0,7,0,3.0,Surabaya,Silver,App,1,10409843.0,0,0
C002351,46,5863811.0,10.0,1140484.0,4,0,4.0,Surabaya,Basic,Web,0,13685811.0,0,0
C002352,45,9415289.0,23.0,1362410.0,4,2,3.0,Jakarta,Basic,App,0,16348917.0,0,0
C002353,38,13800867.0,100.4,957017.0,1,1,2.0,Bandung,Silver,App,0,11484208.0,0,0
C002354,40,5076441.0,11.5,1656653.0,9,3,3.0,Surabaya,Basic,App,0,19879832.0,1,1
C002355,24,7978783.0,6.9,687796.0,3,0,4.0,Jakarta,Basic,App,0,8253557.0,0,0
C002356,18,12895496.0,9.3,1125847.0,6,3,3.0,,Basic,App,0,13510162.0,0,0
C002357,40,2758373.0,22.8,395907.0,3,3,1.0,Surabaya,Silver,App,0,4750885.0,1,1
C002358,42,7750661.0,41.0,623531.0,3,3,3.0,Makassar,Basic,Web,0,7482373.0,0,0
C002359,53,6317549.0,26.8,839999.0,9,0,4.0,Jakarta,Silver,App,0,10079991.0,0,0
C002360,57,7432298.0,7.9,423804.0,6,0,2.0,Surabaya,Gold,App,0,5085649.0,0,0
C002361,57,36426822.0,40.6,1094375.0,5,4,2.0,Jakarta,Silver,App,0,13132499.0,1,1
C002362,26,8629056.0,4.2,1213179.0,3,0,4.0,Surabaya,Basic,Web,0,14558154.0,0,0
C002363,34,23044716.0,8.8,2214154.0,3,3,4.0,Surabaya,Basic,Web,0,26569842.0,1,1
C002364,44,6694486.0,16.6,829305.0,6,1,2.0,Surabaya,Basic,Web,0,9951654.0,1,1
C002365,68,9392229.0,53.0,1174351.0,8,2,4.0,Makassar,Basic,Web,0,14092211.0,0,0
C002366,56,23963985.0,27.6,1833596.0,6,2,1.0,Surabaya,Basic,Web,0,22003156.0,0,0
C002367,51,5911697.0,28.4,816660.0,2,1,5.0,Surabaya,Basic,App,0,9799920.0,0,0
C002368,33,21704356.0,8.1,2187729.0,8,1,3.0,Jakarta,Silver,Web,0,26252743.0,1,1
C002369,27,8023456.0,17.9,916991.0,2,0,3.0,Surabaya,Silver,App,0,11003887.0,0,0
C002370,47,21316565.0,48.0,2514445.0,4,2,3.0,Surabaya,Silver,Web,0,30173344.0,0,0
C002371,25,12086053.0,33.4,766352.0,5,1,,Surabaya,Basic,Web,0,9196228.0,0,0
C002372,35,,41.6,684610.0,4,2,4.0,Makassar,Basic,App,0,8215318.0,0,0
C002373,37,7716375.0,25.5,889575.0,5,1,3.0,Surabaya,Silver,App,1,10674905.0,0,0
C002374,57,5675841.0,48.3,511489.0,3,0,1.0,Surabaya,Silver,App,0,6137864.0,0,0
C002375,34,8340531.0,8.0,832280.0,4,1,3.0,Jakarta,Basic,Web,0,9987358.0,0,0
C002376,18,13104954.0,22.4,1600852.0,11,1,4.0,Surabaya,Basic,App,1,19210223.0,0,0
C002377,44,7942517.0,36.9,1007563.0,5,2,4.0,Surabaya,Silver,App,0,12090752.0,0,0
C002378,30,6721417.0,5.7,934630.0,2,1,4.0,Jakarta,Basic,App,0,11215561.0,0,0
C002379,39,6969275.0,1.4,1017635.0,2,2,4.0,Jakarta,Basic,Web,0,12211615.0,0,0
C002380,37,13808767.0,79.5,1478154.0,0,1,3.0,Jakarta,Basic,Web,0,17737852.0,0,0
C002381,35,15694029.0,27.9,1468239.0,3,2,4.0,Surabaya,Basic,Web,0,17618863.0,0,0
C002382,47,5542850.0,5.1,595877.0,5,0,4.0,Surabaya,Basic,Branch,0,7150519.0,1,1
C002383,20,5538470.0,27.4,763612.0,3,2,2.0,Surabaya,Basic,App,0,9163344.0,1,1
C002384,32,9856084.0,8.9,1099983.0,3,4,4.0,Bandung,Basic,App,0,13199795.0,0,0
C002385,46,18533579.0,12.1,2037665.0,3,3,3.0,Jakarta,Silver,Web,0,24451978.0,0,0
C002386,31,15025311.0,54.2,2663155.0,3,0,3.0,Surabaya,Gold,App,0,31957858.0,0,0
C002387,19,4018557.0,16.9,776632.0,1,0,3.0,Jakarta,Basic,Web,0,9319579.0,0,0
C002388,46,6918505.0,16.8,1205668.0,5,2,2.0,Surabaya,Basic,Branch,0,14468020.0,1,1
C002389,51,4795172.0,8.6,418380.0,3,1,4.0,Bandung,Basic,App,0,5020565.0,0,0
C002390,37,6905441.0,19.8,623449.0,1,1,4.0,Jakarta,Gold,App,0,7481388.0,0,0
C002391,18,19334035.0,29.2,2241551.0,8,1,4.0,Surabaya,Basic,Branch,0,26898611.0,1,1
C002392,46,3658346.0,16.9,701162.0,1,0,4.0,Surabaya,Gold,App,0,8413949.0,0,0
C002393,18,3284011.0,93.0,1079328.0,1,0,4.0,Surabaya,Silver,App,0,12951932.0,0,0
C002394,42,5072008.0,10.7,724046.0,4,2,3.0,Surabaya,Silver,App,1,8688555.0,0,0
C002395,27,9369525.0,10.7,617507.0,3,1,4.0,,Basic,App,0,7410089.0,0,0
C002396,24,11255498.0,19.2,1564575.0,2,0,4.0,Surabaya,Silver,App,0,18774899.0,0,0
C002397,33,,86.0,1150498.0,2,2,3.0,Jakarta,Basic,App,0,13805980.0,0,0
C002398,36,15272724.0,42.1,1674015.0,4,1,3.0,Surabaya,Silver,App,1,20088185.0,1,1
C002399,30,3033583.0,16.4,691565.0,8,0,2.0,Surabaya,Silver,App,0,8298786.0,0,0
C002400,45,92276184.0,16.4,1066098.0,5,2,1.0,Surabaya,Silver,Web,1,12793172.0,1,1
C002401,33,,10.4,500232.0,4,1,3.0,Surabaya,Silver,App,0,6002780.0,0,0
C002402,50,11962340.0,18.8,874554.0,3,1,4.0,Jakarta,Gold,Branch,0,10494654.0,0,0
C002403,41,3863438.0,21.9,591510.0,7,1,3.0,Jakarta,Basic,Branch,0,7098125.0,1,1
C002404,30,8021839.0,40.8,643207.0,4,2,3.0,Surabaya,Silver,App,0,7718484.0,1,1
C002405,28,9110162.0,35.1,892301.0,4,1,2.0,Surabaya,Basic,App,0,10707618.0,1,1
C002406,18,15106190.0,18.3,2298755.0,5,3,2.0,Makassar,Basic,Web,0,27585060.0,1,1
C002407,41,3345284.0,66.1,573551.0,0,4,2.0,Surabaya,Basic,App,0,6882610.0,1,1
C002408,34,8136462.0,14.6,1002056.0,5,0,4.0,Surabaya,Basic,App,0,12024669.0,0,0
C002409,18,4404215.0,6.8,454383.0,5,1,3.0,Surabaya,Basic,App,0,5452598.0,0,0
C002410,32,10564131.0,30.2,1687953.0,7,0,3.0,Surabaya,Basic,App,0,20255435.0,0,0
C002411,27,12266974.0,51.5,1624157.0,6,3,2.0,Jakarta,Basic,App,0,19489878.0,1,1
C002412,57,16238503.0,24.7,1809144.0,5,0,4.0,Jakarta,Silver,Web,1,21709728.0,0,0
C002413,18,5960625.0,8.3,590679.0,5,2,3.0,Surabaya,Basic,Web,0,7088153.0,1,1
C002414,21,79931946.0,28.5,1209835.0,6,2,1.0,Surabaya,Gold,App,0,14518016.0,0,0
C002415,51,16910545.0,31.1,1401156.0,3,1,3.0,Jakarta,Basic,App,0,16813875.0,0,0
C002416,54,3240267.0,33.5,3100008.0,2,1,3.0,Surabaya,Basic,App,0,37200096.0,1,1
C002417,29,11203556.0,28.9,1206428.0,3,2,3.0,Makassar,Silver,App,0,14477140.0,0,0
C002418,30,13553201.0,56.1,697298.0,6,1,3.0,Surabaya,Silver,Web,0,8367574.0,0,0
C002419,45,6938891.0,10.1,1078593.0,4,1,4.0,Bandung,Basic,App,1,12943112.0,1,1
C002420,18,4110382.0,0.7,614642.0,2,1,2.0,Surabaya,Basic,Web,0,7375700.0,1,1
C002421,18,13437741.0,4.2,1537198.0,3,0,4.0,Jakarta,Gold,App,0,18446373.0,0,0
C002422,35,4135928.0,8.2,602291.0,3,1,5.0,Surabaya,Gold,App,0,7227494.0,0,0
C002423,57,7252515.0,45.7,1230849.0,5,1,3.0,Makassar,Gold,Web,0,14770190.0,0,0
C002424,33,7825388.0,19.8,1361203.0,2,0,4.0,Jakarta,Basic,Web,0,16334440.0,1,1
C002425,39,11857819.0,69.5,1415597.0,4,2,4.0,Jakarta,Basic,App,0,16987159.0,0,0
C002426,52,5667761.0,9.5,643528.0,4,1,3.0,Surabaya,Basic,Branch,1,7722337.0,0,0
C002427,63,5489957.0,68.6,471189.0,3,1,2.0,Surabaya,Silver,Web,0,5654268.0,1,1
C002428,31,8447285.0,12.2,1018693.0,1,0,4.0,Jakarta,Basic,App,0,12224320.0,0,0
C002429,38,13914846.0,21.9,1213241.0,6,1,2.0,Surabaya,Basic,Web,0,14558887.0,0,0
C002430,60,28149766.0,5.2,2549915.0,5,3,3.0,Jakarta,Gold,Web,0,30598978.0,1,1
C002431,20,3491484.0,62.7,769531.0,3,2,4.0,Surabaya,Basic,App,0,9234376.0,0,0
C002432,50,9515097.0,24.2,1545219.0,1,2,2.0,Jakarta,Basic,App,0,18542633.0,0,0
C002433,26,4401068.0,95.7,476094.0,6,1,3.0,Surabaya,Silver,Web,0,5713133.0,0,0
C002434,39,14010229.0,53.1,1112523.0,3,2,3.0,Jakarta,Gold,App,0,13350275.0,0,0
C002435,35,4774275.0,21.5,496597.0,2,0,5.0,Surabaya,Gold,Web,0,5959163.0,0,0
C002436,27,5520040.0,13.9,492630.0,2,4,4.0,Jakarta,Basic,App,0,5911559.0,0,0
C002437,26,5785429.0,47.1,765244.0,4,0,4.0,Bandung,Silver,App,0,9182933.0,0,0
C002438,41,7671653.0,26.1,483163.0,2,3,4.0,Surabaya,Gold,App,1,5797954.0,0,0
C002439,50,9556296.0,13.3,1328496.0,3,4,2.0,Bandung,Silver,App,0,15941947.0,0,0
C002440,36,10438254.0,27.6,1000251.0,3,2,3.0,,Basic,Web,0,12003008.0,0,0
C002441,39,7974663.0,3.5,802587.0,0,3,3.0,Surabaya,Silver,App,0,9631042.0,0,0
C002442,45,3849724.0,33.9,511018.0,3,1,2.0,Surabaya,Basic,Web,0,6132219.0,1,1
C002443,26,,38.6,1977622.0,5,0,4.0,Bandung,Basic,Web,0,23731466.0,0,0
C002444,47,,9.2,965570.0,1,0,4.0,Makassar,Basic,App,0,11586839.0,1,1
C002445,48,15155988.0,57.1,2926169.0,6,1,3.0,Surabaya,Basic,App,0,35114024.0,1,1
C002446,69,,49.3,723682.0,2,2,3.0,Makassar,Silver,Branch,0,8684190.0,0,0
C002447,33,3314114.0,31.7,610617.0,7,5,2.0,Surabaya,Basic,App,0,7327399.0,0,0
C002448,33,7851678.0,11.4,869235.0,4,2,4.0,Surabaya,Basic,App,0,10430825.0,0,0
C002449,47,16317131.0,40.2,1474136.0,8,0,3.0,Bandung,Basic,App,0,17689632.0,0,0
C002450,48,8740433.0,19.0,1154163.0,5,1,2.0,Surabaya,Silver,Branch,0,13849959.0,0,0
C002451,32,7167975.0,29.4,938460.0,3,1,4.0,Bandung,Silver,Branch,0,11261517.0,0,0
C002452,33,4956752.0,42.8,909761.0,3,1,4.0,Surabaya,Silver,Web,0,10917134.0,0,0
C002453,44,21035534.0,6.9,2174376.0,7,3,3.0,Surabaya,Silver,App,0,26092517.0,0,0
C002454,28,4541058.0,4.9,562517.0,5,2,2.0,Makassar,Silver,Branch,0,6750207.0,1,1
C002455,33,32208624.0,17.6,580752.0,5,1,3.0,Surabaya,Silver,App,0,6969028.0,0,0
C002456,39,10945850.0,85.4,1477297.0,2,1,4.0,Jakarta,Silver,Web,0,17727569.0,0,0
C002457,50,2882420.0,98.2,313029.0,4,2,,Makassar,Basic,Branch,0,3756345.0,1,1
C002458,31,16126541.0,33.4,1377984.0,4,5,2.0,Bandung,Basic,App,0,16535805.0,0,0
C002459,18,11276803.0,50.2,1019617.0,1,0,3.0,Makassar,Basic,Branch,0,12235407.0,1,1
C002460,18,,25.0,1414188.0,5,1,4.0,Makassar,Silver,App,0,16970259.0,0,0
C002461,23,10874340.0,27.6,976737.0,5,3,3.0,Surabaya,Silver,Branch,0,11720843.0,0,0
C002462,22,7321561.0,21.9,772363.0,3,1,3.0,Jakarta,Basic,App,0,9268354.0,0,0
C002463,36,4458042.0,54.3,748311.0,6,4,2.0,Surabaya,Gold,App,0,8979737.0,0,0
C002464,24,7406811.0,70.1,1003418.0,4,2,3.0,Jakarta,Gold,Web,0,12041020.0,0,0
C002465,30,,27.1,919801.0,6,1,3.0,Jakarta,Basic,App,0,11037608.0,0,0
C002466,29,,27.5,708720.0,4,0,4.0,Surabaya,Gold,App,0,8504638.0,0,0
C002467,33,12468063.0,22.7,1877297.0,2,2,1.0,Bandung,Basic,App,0,22527567.0,1,1
C002468,54,18023677.0,71.2,1985738.0,2,1,5.0,Surabaya,Basic,Web,0,23828851.0,0,0
C002469,46,9815019.0,46.1,821075.0,8,1,5.0,Jakarta,Silver,Branch,0,9852906.0,0,0
C002470,38,13302580.0,11.2,2169610.0,7,0,4.0,Surabaya,Basic,Web,0,26035316.0,0,0
C002471,32,6793810.0,83.7,1042965.0,6,2,2.0,Surabaya,Silver,App,0,12515575.0,0,0
C002472,33,6149613.0,2.0,545147.0,5,2,4.0,Jakarta,Silver,App,0,6541769.0,0,0
C002473,42,10380833.0,66.6,753580.0,3,1,4.0,Jakarta,Basic,App,0,9042964.0,0,0
C002474,45,6468094.0,51.5,682051.0,1,0,3.0,Bandung,Basic,App,0,8184610.0,0,0
C002475,27,9276587.0,27.2,1429199.0,4,1,2.0,Bandung,Basic,Web,0,17150383.0,0,0
C002476,38,4462842.0,26.7,3832928.0,0,0,3.0,,Basic,App,0,45995136.0,0,0
C002477,18,4926094.0,23.6,689619.0,6,1,4.0,Bandung,Silver,App,0,8275425.0,0,0
C002478,41,11346583.0,11.7,1056456.0,4,3,4.0,Makassar,Silver,App,0,12677478.0,0,0
C002479,47,13028263.0,79.4,1041497.0,3,1,4.0,Surabaya,Gold,Branch,0,12497962.0,0,0
C002480,35,4652155.0,26.1,508657.0,4,0,4.0,Jakarta,Basic,App,1,6103878.0,0,0
C002481,60,11568425.0,11.5,1505650.0,6,0,3.0,Surabaya,Basic,Web,0,18067795.0,0,0
C002482,27,5968150.0,76.3,628542.0,9,0,4.0,Surabaya,Basic,App,0,7542509.0,0,0
C002483,41,8072953.0,36.0,1021399.0,3,2,3.0,Bandung,Silver,App,0,12256790.0,0,0
C002484,38,17439905.0,37.6,1954674.0,3,1,5.0,Jakarta,Basic,Web,0,23456092.0,0,0
C002485,37,12472915.0,87.6,2652090.0,4,3,2.0,Jakarta,Basic,App,0,31825084.0,1,1
C002486,37,12393488.0,41.2,1309291.0,5,3,3.0,Jakarta,Basic,App,0,15711496.0,0,0
C002487,39,22857430.0,15.8,2019884.0,7,1,5.0,Surabaya,Silver,App,0,24238603.0,0,0
C002488,48,5432003.0,41.2,489088.0,6,1,4.0,Makassar,Basic,Branch,1,5869058.0,0,0
C002489,55,4651596.0,12.6,972370.0,5,3,4.0,Surabaya,Basic,Web,0,11668445.0,0,0
C002490,38,5377773.0,18.3,424230.0,1,4,3.0,Surabaya,Silver,Branch,1,5090757.0,1,1
C002491,48,6955036.0,32.6,1538802.0,2,2,3.0,Surabaya,Silver,App,0,18465620.0,0,0
C002492,30,2191177.0,49.7,518042.0,3,0,3.0,Makassar,Basic,Web,0,6216508.0,1,1
C002493,47,7137453.0,16.6,517156.0,4,3,2.0,Surabaya,Gold,App,0,6205873.0,1,1
C002494,29,5929427.0,23.1,541848.0,5,1,2.0,Jakarta,Silver,App,0,6502170.0,0,0
C002495,51,12311200.0,22.9,1481748.0,3,2,4.0,Surabaya,Silver,App,0,17780977.0,0,0
C002496,65,9711126.0,55.6,1437989.0,7,2,2.0,Surabaya,Silver,App,0,17255863.0,0,0
C002497,37,5749187.0,26.6,581709.0,7,1,4.0,Surabaya,Silver,App,0,6980506.0,0,0
C002498,18,11066472.0,83.0,1351286.0,3,1,3.0,Surabaya,Gold,Branch,1,16215436.0,1,1
C002499,31,11908307.0,18.3,1232348.0,5,0,3.0,Jakarta,Basic,Branch,0,14788178.0,1,1
C002500,53,,17.2,1037137.0,7,0,5.0,Surabaya,Basic,Web,0,12445640.0,1,1
C002501,45,6099936.0,65.8,605689.0,2,2,2.0,Surabaya,Silver,App,1,7268264.0,0,0
C002502,41,2352531.0,38.9,293566.0,4,0,3.0,Surabaya,Basic,App,0,3522796.0,0,0
C002503,50,4391095.0,114.8,661566.0,6,3,2.0,jakarta,Basic,App,0,7938788.0,0,0
C002504,44,5317925.0,64.2,810865.0,1,2,3.0,Bandung,Basic,Branch,0,9730376.0,0,0
C002505,53,8333078.0,8.9,932908.0,2,0,3.0,Surabaya,Silver,App,0,11194897.0,0,0
C002506,49,4756352.0,26.2,808346.0,2,2,4.0,Surabaya,Silver,App,1,9700153.0,0,0
C002507,56,6031785.0,32.6,734424.0,7,0,2.0,Surabaya,Silver,Web,0,8813082.0,0,0
C002508,42,4077604.0,31.0,784850.0,4,2,5.0,Makassar,Basic,App,0,9418205.0,0,0
C002509,49,8789468.0,23.4,1212826.0,2,1,2.0,Makassar,Silver,Web,0,14553908.0,0,0
C002510,34,10110602.0,30.5,1133999.0,7,1,5.0,,Basic,Web,0,13607990.0,0,0
C002511,31,9981591.0,31.7,954176.0,3,2,4.0,Surabaya,Gold,Web,0,11450110.0,0,0
C002512,58,8054574.0,16.8,853691.0,4,2,3.0,Surabaya,Basic,Branch,0,10244296.0,0,0
C002513,41,3427569.0,54.1,356665.0,4,2,3.0,Surabaya,Basic,App,0,4279982.0,0,0
C002514,48,5688616.0,76.9,1058060.0,1,4,2.0,Surabaya,Basic,App,0,12696723.0,1,1
C002515,39,6394402.0,43.6,499899.0,3,1,4.0,Surabaya,Silver,App,0,5998788.0,0,0
C002516,31,6408525.0,35.2,997558.0,5,2,2.0,Surabaya,Gold,App,0,11970697.0,0,0
C002517,38,8336815.0,25.0,774229.0,5,3,3.0,Surabaya,Silver,App,1,9290753.0,0,0
C002518,55,17522562.0,32.4,1870516.0,4,1,4.0,Surabaya,Gold,App,0,22446190.0,0,0
C002519,45,12504574.0,34.7,1488080.0,5,0,3.0,Surabaya,Basic,App,0,17856961.0,0,0
C002520,18,4647395.0,11.7,785839.0,6,0,4.0,,Basic,App,0,9430067.0,0,0
C002521,35,11618087.0,52.3,1021440.0,6,2,3.0,Bandung,Basic,Branch,0,12257276.0,0,0
C002522,59,11377160.0,19.3,1499571.0,1,0,3.0,Surabaya,Silver,App,0,17994857.0,0,0
C002523,35,5135126.0,68.1,587039.0,9,2,3.0,Surabaya,Basic,Branch,1,7044471.0,0,0
C002524,18,12760032.0,29.8,1417198.0,1,4,3.0,Makassar,Basic,Web,0,17006374.0,0,0
C002525,61,7324570.0,52.9,997089.0,3,0,5.0,Surabaya,Silver,App,0,11965072.0,0,0
C002526,46,3683882.0,43.2,624664.0,5,0,3.0,Surabaya,Basic,App,0,7495973.0,0,0
C002527,37,10275917.0,9.0,1105049.0,5,2,4.0,Jakarta,Silver,Web,0,13260586.0,0,0
C002528,34,9013924.0,64.2,987506.0,2,0,5.0,Surabaya,Basic,Web,0,11850068.0,0,0
C002529,51,7058403.0,14.5,1367381.0,4,1,5.0,Jakarta,Basic,App,0,16408576.0,0,0
C002530,31,7836892.0,18.3,1371954.0,4,1,4.0,Bandung,Basic,App,0,16463453.0,0,0
C002531,52,5386762.0,19.6,603093.0,5,1,3.0,Jakarta,Gold,App,0,7237116.0,0,0
C002532,45,11189919.0,6.1,828590.0,5,2,4.0,Bandung,Basic,Web,0,9943078.0,0,0
C002533,41,7811084.0,30.8,1213212.0,3,0,3.0,Surabaya,Basic,Branch,0,14558548.0,0,0
C002534,40,8766945.0,55.1,716283.0,3,2,4.0,Surabaya,Basic,App,0,8595395.0,0,0
C002535,36,9736382.0,67.1,1307538.0,1,0,3.0,Surabaya,Gold,Web,0,15690457.0,0,0
C002536,51,4239390.0,23.4,530160.0,2,2,3.0,Surabaya,Basic,App,0,6361925.0,1,1
C002537,28,4891925.0,26.5,774136.0,1,0,3.0,Jakarta,Silver,App,1,9289636.0,0,0
C002538,19,2372566.0,45.2,188442.0,4,1,2.0,Jakarta,Basic,Web,0,2261308.0,1,1
C002539,45,10914037.0,23.9,1183430.0,3,1,3.0,,Silver,Web,0,14201162.0,0,0
C002540,46,4107136.0,58.4,7210240.0,0,1,2.0,Makassar,Basic,App,0,86522880.0,0,0
C002541,44,8605099.0,25.5,1304081.0,5,1,4.0,Surabaya,Basic,Web,0,15648978.0,1,1
C002542,43,9810812.0,12.9,1387004.0,5,3,2.0,Makassar,Gold,App,1,16644053.0,0,0
C002543,34,11142154.0,31.4,1385954.0,5,1,3.0,,Basic,App,0,16631442.0,0,0
C002544,47,4125686.0,7.3,453807.0,5,2,3.0,Jakarta,Silver,Web,0,5445680.0,0,0
C002545,37,7718366.0,31.1,884059.0,7,0,5.0,Jakarta,Gold,Web,0,10608703.0,1,1
C002546,32,20047326.0,35.3,2310341.0,3,2,2.0,Jakarta,Basic,App,0,27724089.0,0,0
C002547,34,20538776.0,14.6,2659698.0,4,0,2.0,Bandung,Silver,Branch,0,31916375.0,0,0
C002548,62,13769682.0,34.4,1537429.0,5,2,,Jakarta,Basic,Branch,0,18449151.0,0,0
C002549,18,9631729.0,21.8,1142752.0,3,3,2.0,Jakarta,Basic,App,0,13713022.0,0,0
C002550,44,4602654.0,14.1,638795.0,3,2,3.0,Bandung,Basic,App,0,7665544.0,0,0
C002551,18,11877946.0,6.4,1832270.0,3,0,5.0,Surabaya,Silver,App,0,21987241.0,0,0
C002552,37,7334065.0,8.2,756047.0,3,3,4.0,Jakarta,Basic,Branch,0,9072568.0,1,1
C002553,33,10888771.0,72.7,967216.0,4,3,3.0,Jakarta,Basic,App,1,11606591.0,0,0
C002554,18,5648430.0,21.1,623732.0,5,1,5.0,Surabaya,Silver,App,0,7484787.0,0,0
C002555,43,7274160.0,34.7,1311287.0,5,2,3.0,Surabaya,Basic,Branch,0,15735448.0,1,1
C002556,33,8755855.0,23.2,778248.0,3,3,2.0,Surabaya,Basic,App,0,9338981.0,0,0
C002557,18,9160443.0,73.8,10203736.0,2,3,2.0,Surabaya,Basic,Branch,1,122444832.0,0,0
C002558,48,10495945.0,14.2,1269670.0,7,1,4.0,Jakarta,Basic,Web,0,15236038.0,0,0
C002559,55,5817580.0,28.2,673911.0,5,0,4.0,Jakarta,Basic,App,0,8086937.0,0,0
C002560,56,3821470.0,18.2,954352.0,4,1,5.0,Surabaya,Basic,Web,0,11452218.0,0,0
C002561,42,19551917.0,52.5,1895888.0,2,1,4.0,Surabaya,Gold,Web,1,22750655.0,0,0
C002562,39,31454163.0,34.5,2521852.0,3,1,4.0,Surabaya,Silver,Web,1,30262229.0,0,0
C002563,54,10232029.0,27.4,985566.0,6,0,2.0,Makassar,Gold,Web,0,11826796.0,0,0
C002564,58,3862234.0,9.2,344542.0,7,0,2.0,Jakarta,Silver,App,0,4134507.0,0,0
C002565,52,5228813.0,95.3,685149.0,5,1,2.0,Surabaya,Gold,Web,0,8221789.0,0,0
C002566,27,10585194.0,23.8,1481470.0,4,0,3.0,Surabaya,Basic,Web,1,17777636.0,0,0
C002567,40,16727518.0,12.2,1743555.0,3,2,2.0,Bandung,Basic,Branch,0,20922654.0,0,0
C002568,43,4105599.0,6.4,843360.0,7,4,4.0,Jakarta,Basic,Web,0,10120324.0,0,0
C002569,18,7471221.0,7.9,470335.0,8,3,3.0,Surabaya,Basic,Branch,0,5644022.0,1,1
C002570,44,,27.2,821370.0,8,2,4.0,Jakarta,Silver,App,0,9856438.0,0,0
C002571,65,12870781.0,53.1,1223800.0,6,1,3.0,Surabaya,Basic,App,0,14685604.0,0,0
C002572,46,6622421.0,32.9,1098954.0,5,3,4.0,Makassar,Gold,App,1,13187445.0,1,1
C002573,56,3384965.0,6.8,465816.0,7,2,1.0,Bandung,Basic,App,0,5589788.0,0,0
C002574,40,11258239.0,27.2,1447449.0,1,0,4.0,Surabaya,Silver,Branch,0,17369386.0,0,0
C002575,37,14851180.0,63.8,1090037.0,3,3,3.0,Jakarta,Silver,App,1,13080448.0,1,1
C002576,43,,20.5,807351.0,2,1,4.0,Bandung,Basic,App,0,9688214.0,0,0
C002577,28,9997385.0,33.0,1278247.0,4,1,3.0,Surabaya,Silver,App,0,15338969.0,1,1
C002578,26,6162431.0,21.2,938050.0,4,2,2.0,Bandung,Silver,Branch,0,11256597.0,1,1
C002579,53,5024201.0,38.2,530767.0,2,3,4.0,Surabaya,Basic,App,0,6369202.0,1,1
C002580,54,14069026.0,14.0,1902102.0,2,2,3.0,Surabaya,Basic,Branch,0,22825224.0,0,0
C002581,26,9900292.0,0.5,755116.0,3,2,3.0,Makassar,Silver,App,1,9061389.0,0,0
C002582,50,10476601.0,9.7,1099869.0,4,0,5.0,Jakarta,Silver,App,0,13198433.0,0,0
C002583,37,18276295.0,18.6,1929223.0,6,0,4.0,Surabaya,Basic,App,0,23150679.0,0,0
C002584,42,4478456.0,25.2,1486003.0,5,0,3.0,Jakarta,Silver,Branch,0,17832040.0,0,0
C002585,44,,19.2,697827.0,2,2,3.0,Jakarta,Basic,App,0,8373930.0,0,0
C002586,50,8725981.0,18.9,767909.0,2,1,4.0,Jakarta,Basic,App,0,9214913.0,0,0
C002587,39,5865392.0,53.4,779778.0,2,1,3.0,Surabaya,Basic,App,0,9357341.0,0,0
C002588,55,12306981.0,11.2,1057460.0,7,1,4.0,Jakarta,Basic,App,0,12689521.0,0,0
C002589,42,7216514.0,27.3,943687.0,5,0,5.0,Bandung,Basic,App,0,11324248.0,0,0
C002590,45,4634594.0,7.2,555733.0,6,2,3.0,Bandung,Silver,App,1,6668792.0,0,0
C002591,28,8294693.0,43.6,1283514.0,5,1,4.0,Surabaya,Gold,App,0,15402166.0,0,0
C002592,64,8785722.0,32.3,727238.0,1,5,2.0,Makassar,Gold,Web,0,8726854.0,1,1
C002593,44,13376731.0,94.2,1831655.0,5,1,3.0,Surabaya,Basic,App,0,21979859.0,0,0
C002594,47,9931078.0,10.8,755713.0,3,3,1.0,Bandung,Silver,Web,1,9068556.0,0,0
C002595,19,10309565.0,76.2,1143982.0,5,2,3.0,Surabaya,Gold,Branch,0,13727783.0,0,0
C002596,28,9541035.0,12.1,813964.0,3,0,4.0,Makassar,Basic,Web,1,9767569.0,0,0
C002597,53,,20.4,734059.0,2,1,4.0,Bandung,Basic,Web,0,8808714.0,0,0
C002598,41,5395261.0,8.4,852023.0,2,0,4.0,Bandung,Basic,App,0,10224273.0,0,0
C002599,18,9377401.0,93.4,1268684.0,4,5,4.0,Surabaya,Basic,App,0,15224203.0,1,1
C002600,50,6660689.0,35.8,764009.0,6,3,2.0,Bandung,Gold,App,1,9168108.0,0,0
C002601,31,20263961.0,36.1,2516376.0,6,0,4.0,Surabaya,Basic,App,0,30196508.0,0,0
C002602,55,16737334.0,13.1,1468613.0,7,1,3.0,Surabaya,Basic,App,0,17623359.0,0,0
C002603,37,11330555.0,2.3,1430750.0,4,0,4.0,Makassar,Silver,App,0,17169004.0,0,0
C002604,40,9851250.0,19.8,662129.0,3,1,3.0,Jakarta,Silver,App,0,7945544.0,0,0
C002605,52,7622193.0,16.9,876210.0,2,0,4.0,Jakarta,Basic,Web,0,10514525.0,0,0
C002606,27,3998117.0,4.5,1297228.0,7,1,3.0,Surabaya,Silver,App,0,15566739.0,0,0
C002607,26,7103210.0,20.8,743957.0,5,3,4.0,Jakarta,Basic,App,0,8927484.0,1,1
C002608,36,8458836.0,27.3,1219822.0,4,1,4.0,Surabaya,Basic,App,0,14637868.0,0,0
C002609,48,9076082.0,37.5,1082586.0,7,2,2.0,Surabaya,Basic,App,0,12991029.0,1,1
C002610,22,10357248.0,2.8,1038576.0,5,1,2.0,Makassar,Silver,App,0,12462912.0,0,0
C002611,18,13278858.0,8.9,1241278.0,5,2,3.0,Jakarta,Basic,Web,0,14895340.0,1,1
C002612,48,5467146.0,13.5,443919.0,2,1,3.0,Surabaya,Basic,Web,0,5327026.0,0,0
C002613,31,5494513.0,55.0,595335.0,5,0,3.0,Surabaya,Gold,App,0,7144025.0,0,0
C002614,33,17768242.0,54.3,13920872.0,2,1,3.0,Surabaya,Gold,App,0,167050464.0,1,1
C002615,18,12224980.0,34.5,1613832.0,3,2,2.0,Surabaya,Basic,Web,0,19365986.0,0,0
C002616,30,6452822.0,20.5,783808.0,8,1,4.0,Bandung,Basic,App,0,9405696.0,0,0
C002617,38,7541909.0,57.2,784202.0,5,0,3.0,Surabaya,Basic,App,0,9410422.0,0,0
C002618,49,7560587.0,31.5,620899.0,5,5,,Surabaya,Basic,App,0,7450783.0,0,0
C002619,29,8140139.0,55.1,1071493.0,5,0,3.0,Surabaya,Basic,Branch,0,12857910.0,0,0
C002620,58,10375189.0,35.6,693459.0,5,2,3.0,Jakarta,Silver,App,0,8321511.0,1,1
C002621,30,32255467.0,5.2,3069882.0,3,0,5.0,Surabaya,Basic,App,0,36838582.0,0,0
C002622,30,8880054.0,2.3,794134.0,2,1,4.0,Surabaya,Basic,Web,0,9529607.0,0,0
C002623,56,11517533.0,18.9,960784.0,4,0,3.0,Makassar,Silver,App,1,11529408.0,0,0
C002624,41,3164134.0,47.3,541790.0,5,2,2.0,Jakarta,Basic,App,0,6501484.0,0,0
C002625,31,6127253.0,16.8,942025.0,7,1,4.0,Surabaya,Basic,Web,0,11304296.0,1,1
C002626,36,15725597.0,64.6,1577489.0,4,2,2.0,Bandung,Silver,Branch,0,18929863.0,0,0
C002627,54,9981317.0,44.4,800736.0,5,2,4.0,Jakarta,Basic,App,1,9608833.0,0,0
C002628,56,1500000.0,60.9,203086.0,7,3,3.0,,Silver,Web,0,2437029.0,0,0
C002629,28,11590135.0,19.3,1252922.0,3,1,3.0,Surabaya,Basic,App,0,15035066.0,0,0
C002630,37,22975581.0,11.5,2021631.0,4,1,3.0,Surabaya,Basic,Web,0,24259576.0,1,1
C002631,39,2668969.0,10.1,689294.0,4,4,4.0,Surabaya,Basic,Web,1,8271529.0,0,0
C002632,26,,38.0,2693567.0,5,0,2.0,Surabaya,Silver,Web,0,32322798.0,0,0
C002633,37,1741707.0,5.7,286491.0,3,2,4.0,Surabaya,Basic,App,0,3437892.0,0,0
C002634,38,13401156.0,6.1,959528.0,2,0,5.0,Surabaya,Gold,App,0,11514337.0,0,0
C002635,52,7962036.0,16.0,1155072.0,5,2,3.0,Surabaya,Gold,Web,0,13860861.0,0,0
C002636,52,2196703.0,30.7,363778.0,2,3,3.0,Surabaya,Basic,App,0,4365340.0,0,0
C002637,34,10224812.0,13.7,937951.0,5,0,4.0,Surabaya,Basic,Branch,0,11255408.0,1,1
C002638,35,,54.3,1342757.0,5,1,4.0,Surabaya,Basic,App,0,16113082.0,0,0
C002639,46,9772569.0,61.5,916100.0,5,1,3.0,Jakarta,Gold,Branch,1,10993202.0,0,0
C002640,31,11035273.0,1.2,1339402.0,4,1,3.0,Bandung,Basic,App,0,16072822.0,0,0
C002641,45,6379053.0,36.1,705895.0,5,1,3.0,Makassar,Basic,App,0,8470746.0,0,0
C002642,37,2873921.0,16.8,439426.0,5,2,4.0,Surabaya,Basic,Branch,0,5273106.0,0,0
C002643,26,11704422.0,48.8,1377924.0,4,2,5.0,Surabaya,Basic,App,0,16535087.0,0,0
C002644,27,20943036.0,36.9,2419529.0,6,2,2.0,Surabaya,Basic,App,0,29034349.0,1,1
C002645,55,14890315.0,29.7,1594714.0,2,3,3.0,Jakarta,Basic,Web,0,19136567.0,1,1
C002646,36,2680785.0,23.7,313089.0,3,1,3.0,Surabaya,Silver,App,0,3757067.0,0,0
C002647,58,3477277.0,6.2,559621.0,4,1,3.0,Bandung,Basic,Branch,0,6715453.0,1,1
C002648,32,5023663.0,103.0,626277.0,4,3,2.0,Makassar,Silver,Web,0,7515328.0,1,1
C002649,41,3331108.0,8.8,898887.0,4,0,2.0,Surabaya,Basic,Web,0,10786648.0,0,0
C002650,67,8196818.0,76.7,1360847.0,6,2,4.0,,Basic,App,0,16330158.0,0,0
C002651,25,9932580.0,42.0,1001119.0,1,2,3.0,Jakarta,Silver,App,0,12013428.0,0,0
C002652,18,3642981.0,17.5,535772.0,2,2,3.0,Jakarta,Silver,Web,0,6429259.0,0,0
C002653,53,12266380.0,15.5,1109151.0,3,2,2.0,Bandung,Silver,App,1,13309816.0,0,0
C002654,28,11134504.0,5.9,921713.0,1,0,4.0,Surabaya,Basic,App,0,11060556.0,0,0
C002655,38,5917736.0,26.9,1056461.0,3,0,,Surabaya,Silver,Web,0,12677534.0,0,0
C002656,31,7275805.0,5.6,707207.0,4,0,4.0,Jakarta,Silver,Web,0,8486481.0,0,0
C002657,41,2737516.0,56.4,604311.0,5,2,3.0,Surabaya,Gold,App,0,7251734.0,0,0
C002658,27,6663850.0,31.8,1047797.0,2,1,3.0,Jakarta,Silver,Web,0,12573562.0,0,0
C002659,36,8032560.0,25.6,986840.0,1,1,3.0,,Basic,Branch,0,11842077.0,0,0
C002660,43,8778036.0,28.1,1341784.0,7,1,3.0,Surabaya,Silver,App,0,16101410.0,0,0
C002661,26,9853472.0,32.8,935601.0,4,2,4.0,Surabaya,Basic,App,1,11227210.0,0,0
C002662,30,9150189.0,20.1,1023498.0,4,1,4.0,Bandung,Basic,App,1,12281974.0,0,0
C002663,34,,22.3,1377630.0,3,0,2.0,Surabaya,Silver,App,0,16531558.0,0,0
C002664,21,56182662.0,82.1,1596666.0,2,2,,Surabaya,Basic,Web,1,19159987.0,0,0
C002665,33,13881529.0,52.7,2157712.0,5,4,3.0,Surabaya,Basic,App,0,25892543.0,0,0
C002666,39,7590653.0,40.8,496555.0,3,4,3.0,Bandung,Basic,Web,0,5958665.0,1,1
C002667,33,9526894.0,17.5,1035190.0,3,1,5.0,Surabaya,Basic,Web,0,12422279.0,0,0
C002668,35,,3.7,941621.0,2,2,,Bandung,Silver,App,0,11299446.0,0,0
C002669,38,5605365.0,37.5,789638.0,3,1,4.0,Makassar,Silver,App,1,9475661.0,0,0
C002670,30,10665619.0,28.0,1549785.0,4,0,4.0,Surabaya,Silver,App,1,18597424.0,0,0
C002671,46,5894780.0,21.9,471867.0,6,3,4.0,Makassar,Gold,App,0,5662401.0,0,0
C002672,55,9892950.0,24.7,1400029.0,6,0,3.0,Surabaya,Basic,App,0,16800346.0,0,0
C002673,32,8125295.0,9.3,781313.0,3,1,3.0,Jakarta,Silver,App,0,9375761.0,0,0
C002674,44,6768486.0,12.0,1026366.0,3,0,,Surabaya,Basic,App,0,12316392.0,0,0
C002675,35,6678965.0,52.8,775312.0,4,0,4.0,,Silver,Web,1,9303747.0,0,0
C002676,42,6049496.0,2.6,537620.0,5,1,4.0,Jakarta,Silver,App,0,6451444.0,0,0
C002677,57,3235718.0,47.8,485838.0,5,2,3.0,Surabaya,Gold,App,1,5830051.0,0,0
C002678,44,9875272.0,66.5,1227565.0,3,3,1.0,Surabaya,Silver,App,0,14730774.0,0,0
C002679,18,9086523.0,37.0,981138.0,2,1,3.0,Surabaya,Basic,App,0,11773658.0,0,0
C002680,43,12765678.0,35.7,1150455.0,5,4,3.0,Surabaya,Silver,Web,0,13805462.0,0,0
C002681,53,5972349.0,11.9,400543.0,2,1,4.0,Jakarta,Basic,App,0,4806520.0,0,0
C002682,35,22689506.0,13.6,2680980.0,7,1,4.0,Jakarta,Basic,Web,0,32171760.0,0,0
C002683,50,6492105.0,18.7,812789.0,5,2,4.0,Surabaya,Basic,App,0,9753466.0,0,0
C002684,30,4943785.0,7.6,626003.0,3,0,2.0,Surabaya,Basic,App,0,7512039.0,0,0
C002685,20,,12.7,532504.0,5,1,3.0,Makassar,Silver,Web,1,6390047.0,0,0
C002686,40,,28.0,1375999.0,5,0,3.0,Surabaya,Basic,App,0,16511990.0,0,0
C002687,18,18585596.0,17.8,1563136.0,2,1,3.0,Jakarta,Basic,App,0,18757632.0,0,0
C002688,35,17005360.0,29.8,1936444.0,4,1,4.0,Surabaya,Basic,Web,0,23237327.0,0,0
C002689,53,11132307.0,52.7,710249.0,6,2,4.0,Jakarta,Basic,Web,0,8522988.0,0,0
C002690,18,4887069.0,29.6,910964.0,3,1,4.0,Bandung,Basic,App,0,10931570.0,1,1
C002691,23,21663716.0,36.0,1971391.0,4,1,3.0,Surabaya,Silver,Web,0,23656694.0,0,0
C002692,26,6592918.0,5.5,895580.0,3,0,3.0,Jakarta,Silver,App,0,10746956.0,0,0
C002693,37,6899696.0,52.0,388590.0,5,2,2.0,Surabaya,Basic,Web,1,4663076.0,1,1
C002694,34,17635855.0,5.4,1872784.0,5,1,3.0,Surabaya,Basic,App,0,22473402.0,1,1
C002695,55,11494198.0,16.8,1368742.0,2,1,4.0,Jakarta,Basic,App,0,16424899.0,0,0
C002696,49,26844159.0,9.8,2797583.0,2,1,4.0,Jakarta,Gold,App,0,33570995.0,1,1
C002697,44,9172765.0,3.7,1129094.0,5,0,3.0,Jakarta,Basic,Web,1,13549133.0,0,0
C002698,40,6430643.0,28.5,797380.0,4,4,3.0,Jakarta,Basic,App,0,9568563.0,0,0
C002699,43,5714169.0,38.2,562088.0,4,0,5.0,Surabaya,Basic,Web,0,6745062.0,0,0
C002700,28,2896762.0,67.7,759124.0,3,1,2.0,Surabaya,Basic,Web,1,9109486.0,0,0
C002701,48,6863475.0,31.5,618038.0,7,1,4.0,Surabaya,Basic,App,0,7416457.0,0,0
C002702,25,15013771.0,12.6,1517552.0,6,0,4.0,Surabaya,Silver,Web,0,18210628.0,0,0
C002703,48,11120612.0,17.5,1387028.0,5,0,3.0,Surabaya,Basic,Web,0,16644331.0,0,0
C002704,52,8089856.0,4.4,7057208.0,3,1,3.0,Makassar,Silver,Web,0,84686496.0,0,0
C002705,41,4628476.0,19.0,892765.0,4,4,3.0,Surabaya,Basic,App,0,10713184.0,0,0
C002706,36,9063195.0,25.3,1703506.0,3,1,3.0,Surabaya,Basic,App,0,20442066.0,0,0
C002707,43,13964091.0,37.1,1554525.0,2,2,3.0,Jakarta,Basic,Branch,1,18654295.0,0,0
C002708,18,10138470.0,44.3,1381960.0,2,1,3.0,Jakarta,Basic,App,1,16583515.0,0,0
C002709,42,8768326.0,36.2,1233293.0,6,4,4.0,Bandung,Basic,Web,0,14799510.0,0,0
C002710,37,5160920.0,11.5,920862.0,3,1,3.0,Jakarta,Basic,App,0,11050339.0,0,0
C002711,37,12889223.0,8.7,1428585.0,5,4,3.0,Surabaya,Silver,Web,0,17143019.0,0,0
C002712,46,1500000.0,42.1,742201.0,4,0,4.0,Surabaya,Silver,Web,0,8906415.0,0,0
C002713,37,9875004.0,3.5,1008555.0,5,1,3.0,Bandung,Silver,Branch,0,12102654.0,0,0
C002714,24,32888355.0,89.4,2759629.0,5,1,3.0,Bandung,Basic,Web,0,33115542.0,0,0
C002715,36,3489771.0,13.7,436808.0,4,2,4.0,Makassar,Basic,App,0,5241701.0,0,0
C002716,39,7005449.0,56.9,885194.0,2,0,3.0,,Basic,App,0,10622326.0,0,0
C002717,39,,15.9,706312.0,4,0,2.0,Surabaya,Basic,Web,0,8475748.0,1,1
C002718,40,6202925.0,38.9,1276830.0,4,2,2.0,Surabaya,Basic,Web,0,15321955.0,0,0
C002719,50,14146219.0,9.0,951499.0,5,2,5.0,Jakarta,Basic,App,0,11417990.0,0,0
C002720,25,10373864.0,26.5,1694342.0,8,1,3.0,Jakarta,Silver,App,0,20332109.0,0,0
C002721,40,8698988.0,4.7,1222426.0,5,1,3.0,Surabaya,Basic,Web,0,14669110.0,0,0
C002722,53,12403038.0,32.8,1792450.0,9,0,2.0,Jakarta,Basic,App,0,21509394.0,1,1
C002723,18,8074044.0,8.9,621187.0,3,2,4.0,Makassar,Silver,Web,1,7454240.0,0,0
C002724,40,45987380.0,10.2,5369377.0,9,2,3.0,Surabaya,Silver,Branch,0,64432523.0,0,0
C002725,31,8694428.0,18.2,779621.0,1,2,3.0,Surabaya,Basic,App,0,9355453.0,1,1
C002726,34,,21.4,6076896.0,3,2,3.0,Surabaya,Basic,App,0,72922752.0,0,0
C002727,27,3122657.0,37.1,303824.0,5,1,5.0,Surabaya,Basic,Branch,0,3645884.0,0,0
C002728,36,5933082.0,34.6,442253.0,6,0,4.0,Bandung,Basic,App,1,5307040.0,0,0
C002729,60,,28.5,1371778.0,1,3,3.0,Jakarta,Basic,Web,0,16461338.0,1,1
C002730,23,3837957.0,47.7,550312.0,7,1,1.0,Surabaya,Silver,App,0,6603745.0,1,1
C002731,24,2441921.0,33.9,237469.0,4,2,4.0,Bandung,Silver,App,0,2849627.0,0,0
C002732,22,8143459.0,35.6,710650.0,6,0,3.0,Surabaya,Silver,App,0,8527801.0,0,0
C002733,59,17002341.0,10.2,1700414.0,3,1,3.0,Jakarta,Basic,App,0,20404964.0,0,0
C002734,32,8188668.0,50.2,904629.0,6,0,3.0,Jakarta,Gold,Branch,0,10855551.0,0,0
C002735,38,6649708.0,46.1,985911.0,5,3,4.0,Bandung,Basic,Web,1,11830937.0,0,0
C002736,33,2878511.0,29.6,511925.0,5,2,3.0,Surabaya,Basic,App,0,6143104.0,0,0
C002737,27,10259266.0,45.0,769618.0,0,1,2.0,Jakarta,Basic,App,0,9235416.0,0,0
C002738,35,,24.9,1089860.0,7,3,3.0,Jakarta,Basic,Web,0,13078325.0,0,0
C002739,67,3002630.0,69.9,367636.0,4,2,2.0,Bandung,Silver,App,0,4411632.0,0,0
C002740,55,14930922.0,27.6,1566821.0,4,2,3.0,,Basic,App,0,18801847.0,0,0
C002741,28,12189490.0,24.3,1145716.0,7,3,3.0,Makassar,Basic,Web,0,13748594.0,0,0
C002742,46,14912731.0,34.1,1614331.0,3,1,2.0,Surabaya,Silver,App,0,19371970.0,1,1
C002743,28,11027370.0,79.6,894318.0,3,0,4.0,Surabaya,Basic,App,1,10731815.0,0,0
C002744,18,,16.3,1612427.0,6,0,4.0,Surabaya,Silver,App,0,19349128.0,0,0
C002745,50,10652963.0,32.5,1073872.0,2,1,2.0,Surabaya,Gold,App,0,12886459.0,0,0
C002746,52,12898375.0,17.3,1215607.0,4,0,2.0,Bandung,Basic,App,0,14587279.0,0,0
C002747,51,2942103.0,24.3,849282.0,7,2,3.0,Surabaya,Basic,App,1,10191379.0,0,0
C002748,32,3503838.0,12.6,296030.0,6,3,3.0,Surabaya,Basic,App,0,3552360.0,0,0
C002749,36,5336859.0,35.0,542571.0,3,3,3.0,Jakarta,Silver,Branch,0,6510846.0,0,0
C002750,47,7448707.0,25.9,911727.0,1,0,4.0,Surabaya,Gold,App,1,10940727.0,0,0
C002751,43,9903783.0,44.3,1251231.0,2,2,1.0,Surabaya,Silver,Web,0,15014769.0,0,0
C002752,33,9564099.0,52.9,858034.0,2,1,3.0,Jakarta,Silver,App,0,10296406.0,0,0
C002753,19,14788498.0,58.3,1559922.0,4,4,3.0,Bandung,Basic,App,0,18719067.0,1,1
C002754,39,15046027.0,17.9,1397384.0,4,4,2.0,surabaya,Silver,App,1,16768604.0,0,0
C002755,51,4951199.0,34.1,553428.0,4,0,2.0,Jakarta,Silver,Web,0,6641142.0,0,0
C002756,24,9121720.0,60.8,764369.0,4,0,3.0,Jakarta,Basic,App,0,9172422.0,0,0
C002757,46,5018516.0,12.5,450191.0,3,1,3.0,Surabaya,Silver,App,0,5402290.0,0,0
C002758,42,,28.0,673223.0,4,3,1.0,Jakarta,Silver,Web,0,8078681.0,1,1
C002759,47,9548908.0,13.3,813127.0,6,1,4.0,Surabaya,Gold,App,0,9757518.0,0,0
C002760,48,1500000.0,78.9,724177.0,8,2,3.0,Bandung,Silver,Branch,0,8690129.0,0,0
C002761,30,30133146.0,60.4,3293091.0,4,1,3.0,Jakarta,Silver,App,0,39517091.0,0,0
C002762,19,10924045.0,38.3,1626259.0,2,0,4.0,Surabaya,Gold,Web,1,19515113.0,0,0
C002763,32,5764998.0,37.9,886222.0,3,0,3.0,Surabaya,Basic,Web,0,10634662.0,0,0
C002764,49,23092200.0,14.4,2654924.0,6,2,4.0,Surabaya,Silver,App,0,31859089.0,0,0
C002765,31,6608485.0,65.1,1033579.0,9,2,3.0,Makassar,Gold,App,0,12402943.0,1,1
C002766,30,8604860.0,20.6,810760.0,5,3,2.0,Bandung,Silver,Branch,0,9729117.0,0,0
C002767,18,6119790.0,15.6,1176254.0,5,1,3.0,Bandung,Gold,App,0,14115049.0,0,0
C002768,59,19846686.0,54.8,2596165.0,2,1,3.0,Surabaya,Basic,App,0,31153980.0,0,0
C002769,48,,19.1,757407.0,4,1,2.0,Bandung,Basic,App,0,9088889.0,1,1
C002770,47,8685525.0,16.1,873646.0,5,0,4.0,Jakarta,Basic,App,0,10483750.0,0,0
C002771,50,15510570.0,46.1,1157818.0,8,0,3.0,Surabaya,Basic,App,0,13893815.0,0,0
C002772,45,11037165.0,9.4,822642.0,5,2,3.0,Surabaya,Silver,App,0,9871704.0,1,1
C002773,35,7764407.0,38.6,1024768.0,8,3,3.0,Surabaya,Basic,Branch,0,12297216.0,0,0
C002774,36,14733983.0,28.3,1180981.0,4,0,5.0,Surabaya,Basic,App,0,14171776.0,0,0
C002775,33,32317450.0,43.5,2099989.0,3,3,2.0,Surabaya,Silver,Web,0,25199862.0,1,1
C002776,70,9525927.0,35.7,1015955.0,7,3,3.0,Surabaya,Silver,Branch,0,12191465.0,0,0
C002777,45,8530599.0,111.7,1037392.0,3,0,4.0,Jakarta,Basic,App,1,12448707.0,0,0
C002778,32,8787115.0,30.2,1071026.0,4,1,2.0,Surabaya,Basic,Web,0,12852316.0,0,0
C002779,44,16447570.0,19.0,1653917.0,6,2,,Surabaya,Silver,App,0,19847005.0,0,0
C002780,26,5753928.0,26.1,843686.0,3,0,,Jakarta,Basic,App,0,10124228.0,0,0
C002781,56,6864525.0,35.5,558995.0,5,3,4.0,Jakarta,Silver,App,0,6707940.0,0,0
C002782,30,3434420.0,76.0,392704.0,4,0,3.0,Surabaya,Silver,App,0,4712454.0,0,0
C002783,44,4171661.0,40.4,867664.0,5,3,2.0,Makassar,Silver,App,0,10411972.0,1,1
C002784,51,,13.7,1200258.0,2,0,4.0,Surabaya,Basic,App,0,14403090.0,0,0
C002785,43,7757625.0,120.0,808271.0,5,1,3.0,Surabaya,Silver,App,0,9699253.0,0,0
C002786,39,21166873.0,51.4,2266765.0,9,2,3.0,Surabaya,Basic,Branch,0,27201186.0,0,0
C002787,38,10742820.0,13.0,867642.0,2,2,3.0,Surabaya,Gold,Branch,0,10411705.0,0,0
C002788,37,4844279.0,10.2,1163705.0,2,0,4.0,Surabaya,Basic,Web,0,13964458.0,0,0
C002789,31,5360473.0,8.6,6504744.0,5,2,1.0,Bandung,Basic,App,0,78056928.0,0,0
C002790,33,17039826.0,25.1,1988550.0,1,0,4.0,Bandung,Silver,Branch,0,23862604.0,0,0
C002791,56,14866008.0,25.8,1054649.0,6,1,5.0,Surabaya,Basic,Branch,0,12655787.0,0,0
C002792,37,8124823.0,15.3,888326.0,6,0,3.0,Surabaya,Basic,Web,0,10659912.0,0,0
C002793,29,6271728.0,7.4,1090472.0,5,5,3.0,Surabaya,Basic,Web,0,13085665.0,1,1
C002794,32,14852298.0,10.4,1595612.0,3,1,5.0,Jakarta,Silver,App,0,19147340.0,0,0
C002795,51,4632569.0,40.9,599394.0,9,3,3.0,Bandung,Basic,Branch,0,7192730.0,0,0
C002796,46,9925014.0,20.9,1216129.0,1,0,4.0,Surabaya,Basic,App,0,14593546.0,0,0
C002797,45,,11.5,1945930.0,2,0,5.0,Bandung,Basic,Web,0,23351157.0,0,0
C002798,35,8956568.0,28.2,1030934.0,7,2,5.0,Surabaya,Silver,App,0,12371202.0,0,0
C002799,45,5221874.0,32.2,750808.0,3,2,2.0,Jakarta,Silver,App,0,9009701.0,0,0
C002800,30,10025625.0,34.7,744645.0,7,0,3.0,Surabaya,Basic,Branch,0,8935742.0,0,0
C002801,35,6177643.0,27.4,660142.0,2,0,4.0,Jakarta,Basic,Web,1,7921703.0,0,0
C002802,50,3716112.0,24.4,653541.0,1,2,4.0,Jakarta,Silver,Web,1,7842496.0,0,0
C002803,48,11763616.0,57.9,927569.0,3,1,4.0,Jakarta,Basic,App,0,11130830.0,0,0
C002804,26,14794426.0,10.8,1625196.0,2,1,1.0,Bandung,Gold,App,0,19502355.0,0,0
C002805,28,6742582.0,22.1,659545.0,5,1,2.0,Surabaya,Basic,App,0,7914543.0,1,1
C002806,39,6501038.0,4.2,790789.0,7,1,5.0,,Basic,Web,1,9489464.0,0,0
C002807,59,4714206.0,19.9,415929.0,4,3,4.0,Jakarta,Basic,App,0,4991154.0,0,0
C002808,18,7366752.0,29.7,1022511.0,5,2,3.0,Jakarta,Silver,App,0,12270130.0,0,0
C002809,41,5871669.0,45.8,564526.0,2,0,,Makassar,Basic,App,0,6774316.0,0,0
C002810,21,4587676.0,4.4,1061703.0,4,2,3.0,Bandung,Basic,App,0,12740435.0,1,1
C002811,30,22649423.0,29.0,2573582.0,4,0,4.0,Surabaya,Basic,App,0,30882983.0,0,0
C002812,34,10339925.0,83.4,1341047.0,5,0,2.0,Jakarta,Basic,Web,0,16092562.0,0,0
C002813,33,10960072.0,36.6,835991.0,6,1,3.0,Jakarta,Basic,Web,0,10031897.0,1,1
C002814,32,13004706.0,9.1,1064517.0,5,0,4.0,Surabaya,Basic,App,0,12774202.0,0,0
C002815,38,12225348.0,19.9,999555.0,4,0,4.0,Surabaya,Silver,App,0,11994659.0,1,1
C002816,32,6374025.0,37.4,847363.0,6,2,3.0,Surabaya,Basic,Branch,0,10168356.0,0,0
C002817,20,,15.9,1036544.0,2,1,4.0,Surabaya,Basic,App,0,12438533.0,1,1
C002818,47,6899678.0,31.5,509284.0,7,0,4.0,Bandung,Gold,Web,1,6111412.0,0,0
C002819,47,10181746.0,30.2,1461135.0,3,1,2.0,Jakarta,Silver,App,1,17533621.0,1,1
C002820,48,9653992.0,24.8,1203068.0,4,4,4.0,Bandung,Gold,App,0,14436811.0,0,0
C002821,20,,8.2,801520.0,3,4,4.0,Bandung,Basic,App,0,9618242.0,1,1
C002822,42,3850978.0,14.5,282667.0,0,1,4.0,Bandung,Basic,App,0,3392010.0,0,0
C002823,46,8670027.0,88.9,840529.0,4,2,3.0,Bandung,Basic,App,1,10086353.0,0,0
C002824,26,7149864.0,18.9,728034.0,6,1,4.0,Surabaya,Gold,App,1,8736413.0,0,0
C002825,38,2828472.0,20.8,432403.0,3,2,4.0,Surabaya,Gold,App,0,5188841.0,0,0
C002826,37,10576722.0,20.7,1276281.0,8,0,3.0,Jakarta,Silver,Web,0,15315377.0,0,0
C002827,60,13604215.0,45.0,1464744.0,0,0,5.0,Surabaya,Basic,App,0,17576934.0,0,0
C002828,61,32137951.0,21.6,3024474.0,8,1,1.0,Surabaya,Basic,App,0,36293694.0,0,0
C002829,18,6451308.0,25.2,1332976.0,6,3,2.0,,Gold,App,0,15995716.0,1,1
C002830,68,5948565.0,29.0,1026213.0,3,1,4.0,Jakarta,Silver,App,0,12314553.0,1,1
C002831,27,,48.5,513513.0,5,4,3.0,Surabaya,Silver,App,0,6162150.0,1,1
C002832,50,8972771.0,25.3,954978.0,5,2,4.0,Jakarta,Silver,App,0,11459737.0,1,1
C002833,50,8941618.0,27.3,904562.0,3,2,2.0,Bandung,Basic,Web,0,10854742.0,0,0
C002834,26,5120380.0,16.5,828877.0,2,1,3.0,Makassar,Silver,App,0,9946523.0,0,0
C002835,44,7266176.0,32.0,640889.0,8,0,5.0,Jakarta,Basic,App,0,7690671.0,0,0
C002836,37,,38.7,457232.0,2,4,1.0,Surabaya,Gold,App,0,5486784.0,1,1
C002837,45,13315766.0,40.5,1262580.0,1,3,3.0,Bandung,Basic,App,0,15150964.0,0,0
C002838,41,5236053.0,80.2,954268.0,5,1,3.0,Jakarta,Silver,Web,0,11451220.0,0,0
C002839,52,7848956.0,13.7,928220.0,2,0,4.0,Surabaya,Basic,Branch,0,11138641.0,0,0
C002840,39,3650120.0,26.1,476290.0,4,1,4.0,Bandung,Basic,App,0,5715483.0,0,0
C002841,36,5807482.0,21.7,958538.0,7,2,3.0,Jakarta,Silver,App,0,11502456.0,0,0
C002842,51,6859719.0,71.0,1254217.0,8,4,2.0,Makassar,Silver,Web,0,15050599.0,0,0
C002843,45,7950474.0,41.6,935065.0,3,0,4.0,Makassar,Gold,Web,0,11220783.0,0,0
C002844,47,10415493.0,6.1,860518.0,4,2,3.0,Surabaya,Silver,Web,0,10326218.0,0,0
C002845,30,17653478.0,15.4,2387728.0,4,2,3.0,Surabaya,Basic,Web,0,28652734.0,0,0
C002846,25,11970348.0,19.7,1484651.0,6,1,5.0,Surabaya,Basic,App,0,17815808.0,0,0
C002847,31,13580461.0,7.0,1440569.0,3,1,2.0,Surabaya,Basic,Web,0,17286824.0,0,0
C002848,31,17721858.0,27.5,1376588.0,7,1,4.0,Surabaya,Basic,App,0,16519052.0,0,0
C002849,47,10943885.0,17.1,788701.0,3,1,3.0,Jakarta,Basic,App,0,9464411.0,0,0
C002850,50,7840108.0,82.4,777816.0,4,0,5.0,Surabaya,Basic,Branch,0,9333786.0,0,0
C002851,36,13935689.0,31.8,1173710.0,7,2,3.0,Bandung,Gold,Web,1,14084515.0,0,0
C002852,55,14434146.0,19.1,1450107.0,1,2,2.0,Surabaya,Basic,App,0,17401279.0,0,0
C002853,54,11428986.0,11.4,1013193.0,4,0,3.0,Surabaya,Silver,App,0,12158310.0,0,0
C002854,41,3594469.0,24.4,849581.0,4,1,2.0,Surabaya,Silver,App,0,10194975.0,0,0
C002855,28,5036133.0,67.1,851696.0,3,5,2.0,Surabaya,Silver,Web,0,10220349.0,1,1
C002856,57,6877614.0,21.8,715965.0,7,1,4.0,Surabaya,Silver,Branch,1,8591585.0,0,0
C002857,37,12283208.0,24.6,1058664.0,4,2,4.0,Bandung,Gold,Web,1,12703963.0,0,0
C002858,40,7906625.0,53.0,976381.0,2,0,5.0,Surabaya,Silver,Web,1,11716578.0,0,0
C002859,34,14950119.0,31.2,1708590.0,6,3,3.0,Makassar,Basic,Web,0,20503078.0,0,0
C002860,27,16491114.0,44.4,949570.0,5,4,3.0,Surabaya,Basic,App,0,11394841.0,1,1
C002861,20,15471278.0,33.4,1838784.0,4,1,4.0,Surabaya,Silver,App,0,22065411.0,0,0
C002862,46,,32.1,1236223.0,3,1,5.0,Bandung,Basic,App,0,14834671.0,0,0
C002863,29,4522635.0,5.7,473234.0,7,2,3.0,Surabaya,Silver,App,0,5678805.0,0,0
C002864,75,10432136.0,10.1,1495300.0,5,0,5.0,Surabaya,Basic,App,0,17943596.0,0,0
C002865,25,5727623.0,28.9,653614.0,4,1,2.0,Surabaya,Silver,Branch,0,7843372.0,1,1
C002866,23,3229913.0,12.4,473839.0,2,0,5.0,Bandung,Basic,App,0,5686064.0,0,0
C002867,44,6830053.0,24.5,991494.0,5,1,3.0,Surabaya,Basic,App,0,11897930.0,0,0
C002868,56,16577509.0,9.3,1280308.0,4,1,3.0,Surabaya,Gold,Branch,0,15363696.0,0,0
C002869,39,10307272.0,53.2,1174764.0,6,2,3.0,Bandung,Basic,Web,0,14097173.0,0,0
C002870,45,24269895.0,13.7,1375677.0,3,1,3.0,Jakarta,Basic,App,0,16508129.0,0,0
C002871,18,8819085.0,11.4,1927751.0,4,1,4.0,Bandung,Basic,App,1,23133014.0,0,0
C002872,30,30745175.0,7.5,3307879.0,4,0,5.0,Surabaya,Basic,Web,0,39694551.0,1,1
C002873,25,,40.2,742470.0,12,4,1.0,Jakarta,Basic,App,0,8909636.0,1,1
C002874,18,8099527.0,24.4,854123.0,5,0,3.0,Jakarta,Silver,App,1,10249473.0,0,0
C002875,39,3958151.0,52.0,636551.0,3,3,2.0,Surabaya,Basic,Web,1,7638617.0,0,0
C002876,18,,16.6,1596095.0,6,3,4.0,Jakarta,Basic,App,0,19153144.0,0,0
C002877,22,6069479.0,9.9,762814.0,4,2,4.0,Makassar,Silver,App,0,9153764.0,0,0
C002878,32,5604475.0,23.6,849145.0,2,2,3.0,Surabaya,Basic,App,0,10189741.0,0,0
C002879,28,16185542.0,58.9,1570995.0,4,3,2.0,Surabaya,Basic,Branch,0,18851945.0,1,1
C002880,43,15126740.0,5.6,1321672.0,2,3,1.0,Surabaya,Silver,Branch,1,15860059.0,1,1
C002881,42,14910562.0,30.7,1293996.0,4,0,5.0,Jakarta,Gold,App,1,15527950.0,0,0
C002882,49,6555054.0,32.9,880932.0,6,0,5.0,Jakarta,Basic,App,1,10571188.0,0,0
C002883,47,7778821.0,65.3,777156.0,5,2,1.0,Surabaya,Basic,App,0,9325874.0,1,1
C002884,52,,12.8,949026.0,3,1,4.0,Surabaya,Gold,Web,1,11388313.0,0,0
C002885,38,12302796.0,5.2,1663282.0,7,0,3.0,Surabaya,Silver,App,0,19959389.0,0,0
C002886,42,18800851.0,17.9,2036796.0,2,2,3.0,Surabaya,Gold,Web,0,24441554.0,0,0
C002887,44,9795491.0,44.0,966465.0,5,1,,Jakarta,Basic,Branch,1,11597575.0,0,0
C002888,40,23703711.0,25.6,2407532.0,5,5,1.0,Surabaya,Gold,App,1,28890383.0,0,0
C002889,33,13103750.0,35.4,2309192.0,6,4,3.0,Surabaya,Silver,App,0,27710304.0,0,0
C002890,34,7030810.0,10.4,1049846.0,3,4,4.0,,Basic,App,0,12598155.0,0,0
C002891,28,12619368.0,20.9,1047441.0,2,1,3.0,Surabaya,Silver,App,0,12569287.0,0,0
C002892,43,20444394.0,26.3,1935276.0,4,2,4.0,Jakarta,Basic,Branch,0,23223315.0,0,0
C002893,37,24010722.0,6.5,2153277.0,2,1,4.0,Jakarta,Basic,App,0,25839320.0,1,1
C002894,30,15367145.0,26.2,1225992.0,4,1,4.0,Bandung,Silver,Web,0,14711904.0,0,0
C002895,30,8113769.0,19.4,1073408.0,1,3,5.0,Surabaya,Basic,App,0,12880896.0,1,1
C002896,23,7101175.0,120.0,910352.0,3,3,4.0,Jakarta,Gold,App,0,10924219.0,1,1
C002897,50,10982244.0,24.9,926002.0,7,1,5.0,Surabaya,Gold,App,1,11112019.0,0,0
C002898,39,20088098.0,67.6,2106570.0,3,1,2.0,Surabaya,Gold,Web,1,25278835.0,1,1
C002899,28,,35.2,1440884.0,6,2,4.0,Jakarta,Basic,Web,0,17290610.0,0,0
C002900,48,10272127.0,22.7,1343517.0,3,1,5.0,Surabaya,Silver,App,0,16122207.0,0,0
C002901,31,8229377.0,61.2,1125806.0,5,1,3.0,Surabaya,Gold,Web,0,13509669.0,1,1
C002902,21,6679890.0,9.1,633891.0,5,4,1.0,Surabaya,Basic,App,0,7606690.0,1,1
C002903,50,7317491.0,17.6,709469.0,8,2,2.0,Jakarta,Silver,App,0,8513633.0,0,0
C002904,32,8618627.0,45.8,1663052.0,1,1,3.0,Surabaya,Basic,App,1,19956625.0,0,0
C002905,33,,2.6,1802782.0,5,3,3.0,Bandung,Silver,App,0,21633388.0,1,1
C002906,38,7011832.0,24.3,1052042.0,4,2,3.0,Surabaya,Silver,Web,0,12624499.0,0,0
C002907,52,8234875.0,24.1,1465718.0,6,3,3.0,Surabaya,Gold,App,0,17588610.0,0,0
C002908,38,4970318.0,30.0,698072.0,4,0,3.0,Jakarta,Basic,Web,0,8376863.0,0,0
C002909,24,11864949.0,21.0,1244226.0,3,2,3.0,Bandung,Silver,Branch,0,14930716.0,0,0
C002910,45,16964367.0,44.5,1467384.0,4,0,4.0,Jakarta,Basic,App,1,17608604.0,0,0
C002911,32,19548828.0,13.4,1936192.0,2,0,3.0,Surabaya,Silver,Web,0,23234303.0,0,0
C002912,61,8946765.0,48.8,832708.0,6,1,4.0,Bandung,Gold,Branch,1,9992499.0,0,0
C002913,38,10971888.0,10.1,1127249.0,3,1,5.0,Jakarta,Silver,App,0,13526989.0,0,0
C002914,18,,31.7,1027058.0,2,2,2.0,Makassar,Gold,App,0,12324701.0,0,0
C002915,42,10695807.0,56.4,572640.0,3,2,3.0,Jakarta,Silver,App,0,6871679.0,0,0
C002916,61,9507894.0,12.4,638299.0,3,0,2.0,Surabaya,Silver,App,1,7659590.0,0,0
C002917,57,8260515.0,15.1,617763.0,4,2,2.0,Bandung,Gold,Branch,0,7413161.0,0,0
C002918,60,8629668.0,49.9,689766.0,6,2,4.0,Surabaya,Basic,App,0,8277187.0,0,0
C002919,26,10257394.0,28.5,1158239.0,4,0,5.0,Jakarta,Silver,App,0,13898866.0,0,0
C002920,49,6805000.0,5.3,654689.0,2,2,3.0,Jakarta,Silver,App,0,7856272.0,0,0
C002921,29,7001107.0,29.3,933888.0,5,1,5.0,Surabaya,Silver,App,0,11206655.0,0,0
C002922,41,20460386.0,39.5,1650736.0,9,1,3.0,Surabaya,Basic,Branch,0,19808832.0,0,0
C002923,23,35525199.0,51.3,2492488.0,3,1,3.0,Surabaya,Basic,Web,0,29909858.0,0,0
C002924,30,4124892.0,31.2,808557.0,7,2,5.0,Surabaya,Basic,Web,0,9702688.0,0,0
C002925,30,4001752.0,36.0,583352.0,5,0,3.0,Surabaya,Gold,App,0,7000222.0,0,0
C002926,49,,72.0,1158035.0,5,0,4.0,,Basic,Branch,0,13896416.0,0,0
C002927,48,7558199.0,46.7,605508.0,6,0,3.0,Surabaya,Silver,Branch,0,7266100.0,0,0
C002928,41,13093564.0,20.5,1470774.0,5,2,2.0,Surabaya,Basic,Branch,0,17649286.0,1,1
C002929,22,11074339.0,22.5,804696.0,0,1,3.0,Bandung,Silver,Branch,0,9656347.0,0,0
C002930,34,,54.9,887637.0,6,0,2.0,Surabaya,Basic,Web,0,10651645.0,1,1
C002931,29,10701202.0,30.7,916378.0,7,2,4.0,Bandung,Silver,Web,1,10996535.0,0,0
C002932,48,5467351.0,27.5,794257.0,3,3,3.0,Surabaya,Silver,App,0,9531087.0,0,0
C002933,52,6994849.0,20.0,432967.0,7,0,3.0,Bandung,Silver,App,0,5195602.0,0,0
C002934,51,7912071.0,53.6,860977.0,4,1,3.0,Jakarta,Basic,Web,1,10331722.0,0,0
C002935,29,3347195.0,13.0,420693.0,8,2,3.0,Surabaya,Silver,App,0,5048317.0,0,0
C002936,18,4223740.0,17.7,1172951.0,4,1,4.0,Surabaya,Silver,Web,0,14075407.0,0,0
C002937,18,,53.4,410985.0,3,0,3.0,Surabaya,Basic,Web,1,4931822.0,0,0
C002938,55,12178853.0,53.0,1685953.0,4,0,4.0,Surabaya,Basic,Web,0,20231441.0,0,0
C002939,33,,100.7,964169.0,4,0,4.0,Surabaya,Silver,App,0,11570033.0,0,0
C002940,29,11195649.0,24.3,1550062.0,7,2,3.0,Jakarta,Gold,Branch,0,18600746.0,0,0
C002941,58,2908482.0,20.2,592514.0,4,0,4.0,Jakarta,Silver,App,0,7110167.0,0,0
C002942,53,3537711.0,21.8,753928.0,3,0,3.0,Surabaya,Gold,Web,0,9047133.0,1,1
C002943,38,11521444.0,6.0,1060515.0,3,1,2.0,Jakarta,Basic,App,0,12726180.0,0,0
C002944,34,1735288.0,3.2,260623.0,4,2,3.0,Surabaya,Basic,Web,0,3127472.0,0,0
C002945,36,15689437.0,31.1,1191856.0,3,1,3.0,Surabaya,Silver,Web,0,14302271.0,0,0
C002946,41,2934735.0,19.0,685602.0,4,1,3.0,Surabaya,Basic,Branch,0,8227228.0,0,0
C002947,57,12721344.0,13.8,782286.0,1,0,5.0,Surabaya,Silver,App,0,9387427.0,0,0
C002948,43,,27.3,359581.0,3,2,4.0,Surabaya,Silver,Web,0,4314967.0,0,0
C002949,47,14244040.0,31.6,1481544.0,4,1,3.0,Surabaya,Basic,App,0,17778531.0,0,0
C002950,52,46708681.0,23.1,2723750.0,6,1,3.0,Surabaya,Basic,App,0,32684995.0,0,0
C002951,24,2291471.0,23.5,799592.0,1,2,3.0,Makassar,Basic,App,0,9595109.0,0,0
C002952,47,11727060.0,18.9,1219967.0,6,2,4.0,,Basic,Web,1,14639606.0,0,0
C002953,34,2959298.0,41.6,447901.0,7,1,3.0,Makassar,Basic,Branch,0,5374809.0,0,0
C002954,18,10116467.0,16.7,1139073.0,10,3,3.0,Surabaya,Basic,Web,0,13668875.0,0,0
C002955,18,7140029.0,11.5,862633.0,5,2,2.0,Bandung,Basic,App,0,10351597.0,1,1
C002956,26,8591916.0,18.2,980755.0,5,2,2.0,Surabaya,Basic,App,0,11769056.0,1,1
C002957,44,4845324.0,30.1,774478.0,5,0,4.0,Surabaya,Silver,App,1,9293742.0,0,0
C002958,39,12289425.0,43.3,1167271.0,4,3,3.0,Surabaya,Silver,App,0,14007249.0,0,0
C002959,40,3606886.0,81.2,992357.0,6,1,2.0,Surabaya,Basic,Web,0,11908286.0,0,0
C002960,61,15836890.0,27.4,1883704.0,4,2,3.0,Surabaya,Silver,App,0,22604451.0,0,0
C002961,23,,68.2,722649.0,2,2,2.0,,Silver,Web,1,8671789.0,0,0
C002962,38,3698627.0,15.6,730906.0,2,2,4.0,Bandung,Silver,App,0,8770871.0,0,0
C002963,42,19233562.0,13.4,2463919.0,2,1,4.0,Surabaya,Gold,App,0,29567026.0,0,0
C002964,29,7709113.0,34.9,551484.0,1,1,4.0,Bandung,Silver,App,0,6617812.0,0,0
C002965,38,22842922.0,38.5,2037884.0,6,2,3.0,Surabaya,Basic,App,0,24454604.0,0,0
C002966,19,15661217.0,29.4,1824326.0,3,2,3.0,Surabaya,Gold,Web,0,21891910.0,0,0
C002967,55,5157549.0,120.0,599671.0,4,2,3.0,Surabaya,Silver,Web,0,7196047.0,0,0
C002968,30,7634650.0,16.3,915383.0,3,1,4.0,Surabaya,Basic,Branch,1,10984600.0,0,0
C002969,62,8550694.0,59.9,1172338.0,3,0,3.0,Surabaya,Silver,App,1,14068054.0,0,0
C002970,38,18521057.0,13.7,1607461.0,5,1,4.0,Surabaya,Basic,App,1,19289534.0,1,1
C002971,50,10176451.0,40.6,1117861.0,2,2,3.0,Surabaya,Silver,App,0,13414336.0,0,0
C002972,37,8814539.0,26.5,1365050.0,2,1,4.0,Bandung,Silver,Web,1,16380603.0,0,0
C002973,38,7167148.0,30.8,433335.0,7,1,4.0,Bandung,Silver,Web,0,5200024.0,0,0
C002974,31,7780613.0,35.1,615305.0,4,1,3.0,Makassar,Basic,Branch,0,7383663.0,0,0
C002975,39,16394849.0,27.2,1561256.0,6,2,3.0,Surabaya,Basic,App,0,18735067.0,0,0
C002976,42,8016320.0,23.5,839997.0,2,0,4.0,Surabaya,Silver,Web,0,10079969.0,0,0
C002977,29,6437840.0,4.7,672401.0,2,1,5.0,,Basic,Web,0,8068807.0,0,0
C002978,36,5864766.0,47.9,702409.0,6,5,3.0,Jakarta,Gold,App,0,8428913.0,0,0
C002979,31,5899518.0,8.6,770539.0,3,0,1.0,Surabaya,Basic,App,0,9246462.0,0,0
C002980,66,3699837.0,19.2,502212.0,6,4,2.0,Bandung,Silver,App,0,6026547.0,0,0
C002981,37,5294852.0,32.4,751854.0,8,4,3.0,Makassar,Basic,App,1,9022250.0,0,0
C002982,57,,10.2,1645096.0,4,2,2.0,Surabaya,Silver,App,0,19741154.0,0,0
C002983,36,7140708.0,23.5,771845.0,4,3,2.0,Makassar,Gold,Web,1,9262136.0,0,0
C002984,41,11785476.0,44.3,1025346.0,1,0,3.0,Surabaya,Silver,App,1,12304156.0,0,0
C002985,22,12278934.0,18.9,484093.0,4,2,3.0,Surabaya,Basic,Web,0,5809118.0,1,1
C002986,33,10935482.0,23.7,805590.0,4,1,4.0,Surabaya,Gold,App,1,9667081.0,0,0
C002987,41,7320639.0,12.0,1031163.0,6,1,3.0,Jakarta,Basic,App,0,12373958.0,0,0
C002988,57,6138924.0,20.6,936857.0,6,2,3.0,Surabaya,Silver,Web,1,11242280.0,0,0
C002989,41,8837195.0,8.9,4574416.0,4,0,3.0,Jakarta,Basic,App,0,54892992.0,0,0
C002990,55,6090546.0,29.8,994789.0,2,1,4.0,Surabaya,Basic,App,0,11937473.0,0,0
C002991,46,2487580.0,7.0,953615.0,2,2,3.0,Surabaya,Silver,Web,1,11443378.0,0,0
C002992,58,13285562.0,15.8,2093325.0,9,1,4.0,Jakarta,Basic,App,0,25119905.0,0,0
C002993,37,,26.7,875188.0,4,1,3.0,Surabaya,Basic,App,0,10502256.0,0,0
C002994,67,6731333.0,22.3,941231.0,4,2,2.0,Jakarta,Basic,App,0,11294771.0,0,0
C002995,32,4702243.0,33.7,484713.0,1,6,2.0,Makassar,Basic,App,0,5816550.0,0,0
C002996,29,3564486.0,23.8,524916.0,4,2,4.0,Bandung,Gold,Web,1,6298992.0,0,0
C002997,23,9048351.0,4.7,922977.0,5,1,2.0,Makassar,Gold,App,0,11075727.0,0,0
C002998,66,19430307.0,10.0,2277408.0,3,3,3.0,Surabaya,Silver,App,0,27328896.0,1,1
C002999,48,8945791.0,25.8,933431.0,2,1,4.0,Surabaya,Silver,Web,0,11201177.0,0,0
C003000,34,3739391.0,52.3,1028793.0,6,0,5.0,Bandung,Basic,Branch,0,12345512.0,0,0
C001802,43,10782382.0,73.4,994739.0,4,1,4.0,Bandung,Gold,Web,0,11936871.0,0,0
C001191,56,13890495.0,36.9,1446107.0,6,3,2.0,,Silver,Web,0,17353286.0,1,1
C001818,49,7377486.0,28.7,378489.0,5,0,5.0,Surabaya,Basic,App,0,4541872.0,0,0
C000252,42,7805577.0,29.4,566264.0,2,0,3.0,Jakarta,Basic,App,0,6795164.0,0,0
C002506,49,4756352.0,26.2,808346.0,2,2,4.0,Surabaya,Silver,App,1,9700153.0,0,0
C001118,34,13674096.0,15.3,1415777.0,5,1,4.0,,Basic,App,0,16989327.0,0,0
C001412,65,7426889.0,37.5,671248.0,10,3,3.0,Jakarta,Basic,Web,0,8054972.0,0,0
C002114,40,12389967.0,86.1,1760033.0,9,5,2.0,Jakarta,Basic,Web,0,21120395.0,0,0
C000409,18,,101.6,656804.0,3,0,4.0,Bandung,Silver,App,0,7881646.0,0,0
C002580,54,14069026.0,14.0,1902102.0,2,2,3.0,Surabaya,Basic,Branch,0,22825224.0,0,0
C002255,50,12320904.0,24.1,806159.0,3,2,2.0,Makassar,Basic,App,0,9673912.0,1,1
C000053,21,4867097.0,32.5,746332.0,7,1,4.0,Jakarta,Silver,App,0,8955989.0,0,0
